set_index,set_name,set_hash,precision,set_description,lineage_count,spike_constellation,lineages
1,baabaf,baabaf8cf6e3c715a46324d637af3f04,A,A_1,540,S:D614G,A.18|AE.2|AE.4|AE.7|AE.8|AF.1|AG.1|AN.1|AP.1|AQ.1|B.1|B.1.1|B.1.1.10|B.1.1.101|B.1.1.110|B.1.1.111|B.1.1.113|B.1.1.12|B.1.1.121|B.1.1.127|B.1.1.128|B.1.1.129|B.1.1.132|B.1.1.133|B.1.1.134|B.1.1.135|B.1.1.139|B.1.1.148|B.1.1.152|B.1.1.157|B.1.1.158|B.1.1.159|B.1.1.162|B.1.1.163|B.1.1.164|B.1.1.166|B.1.1.169|B.1.1.171|B.1.1.172|B.1.1.174|B.1.1.176|B.1.1.177|B.1.1.181|B.1.1.182|B.1.1.184|B.1.1.185|B.1.1.187|B.1.1.189|B.1.1.192|B.1.1.198|B.1.1.200|B.1.1.201|B.1.1.204|B.1.1.205|B.1.1.209|B.1.1.210|B.1.1.214|B.1.1.216|B.1.1.217|B.1.1.218|B.1.1.219|B.1.1.225|B.1.1.226|B.1.1.229|B.1.1.230|B.1.1.231|B.1.1.232|B.1.1.236|B.1.1.243|B.1.1.244|B.1.1.25|B.1.1.253|B.1.1.254|B.1.1.257|B.1.1.258|B.1.1.26|B.1.1.261|B.1.1.265|B.1.1.266|B.1.1.267|B.1.1.268|B.1.1.27|B.1.1.271|B.1.1.274|B.1.1.277|B.1.1.282|B.1.1.283|B.1.1.284|B.1.1.285|B.1.1.286|B.1.1.288|B.1.1.290|B.1.1.291|B.1.1.297|B.1.1.301|B.1.1.304|B.1.1.305|B.1.1.306|B.1.1.307|B.1.1.308|B.1.1.31|B.1.1.315|B.1.1.317|B.1.1.319|B.1.1.323|B.1.1.324|B.1.1.325|B.1.1.326|B.1.1.328|B.1.1.329|B.1.1.33|B.1.1.331|B.1.1.334|B.1.1.335|B.1.1.34|B.1.1.342|B.1.1.344|B.1.1.346|B.1.1.347|B.1.1.348|B.1.1.350|B.1.1.352|B.1.1.354|B.1.1.355|B.1.1.356|B.1.1.357|B.1.1.359|B.1.1.366|B.1.1.367|B.1.1.368|B.1.1.370|B.1.1.373|B.1.1.376|B.1.1.378|B.1.1.381|B.1.1.382|B.1.1.383|B.1.1.386|B.1.1.387|B.1.1.388|B.1.1.39|B.1.1.391|B.1.1.392|B.1.1.398|B.1.1.40|B.1.1.401|B.1.1.402|B.1.1.404|B.1.1.405|B.1.1.406|B.1.1.407|B.1.1.409|B.1.1.410|B.1.1.411|B.1.1.414|B.1.1.416|B.1.1.419|B.1.1.422|B.1.1.424|B.1.1.426|B.1.1.427|B.1.1.430|B.1.1.431|B.1.1.432|B.1.1.434|B.1.1.435|B.1.1.436|B.1.1.437|B.1.1.438|B.1.1.44|B.1.1.440|B.1.1.441|B.1.1.442|B.1.1.447|B.1.1.448|B.1.1.450|B.1.1.452|B.1.1.453|B.1.1.456|B.1.1.458|B.1.1.459|B.1.1.46|B.1.1.465|B.1.1.466|B.1.1.47|B.1.1.48|B.1.1.481|B.1.1.482|B.1.1.484|B.1.1.485|B.1.1.487|B.1.1.5|B.1.1.50|B.1.1.506|B.1.1.507|B.1.1.513|B.1.1.514|B.1.1.515|B.1.1.516|B.1.1.518|B.1.1.52|B.1.1.53|B.1.1.54|B.1.1.57|B.1.1.61|B.1.1.62|B.1.1.67|B.1.1.70|B.1.1.71|B.1.1.77|B.1.1.8|B.1.1.87|B.1.1.88|B.1.1.89|B.1.1.98|B.1.1.99|B.1.103|B.1.104|B.1.106|B.1.108|B.1.110|B.1.110.1|B.1.110.3|B.1.111|B.1.112|B.1.113|B.1.115|B.1.116|B.1.118|B.1.119|B.1.12|B.1.124|B.1.13|B.1.131|B.1.134|B.1.137|B.1.139|B.1.142|B.1.143|B.1.145|B.1.146|B.1.147|B.1.149|B.1.151|B.1.153|B.1.157|B.1.160.32|B.1.161|B.1.162|B.1.163|B.1.164|B.1.166|B.1.167|B.1.169|B.1.170|B.1.177.31|B.1.178|B.1.179|B.1.180|B.1.181|B.1.182|B.1.184|B.1.187|B.1.188|B.1.189|B.1.190|B.1.192|B.1.194|B.1.195|B.1.199|B.1.2|B.1.201|B.1.203|B.1.206|B.1.208|B.1.210|B.1.211|B.1.212|B.1.213|B.1.214|B.1.215|B.1.218|B.1.22|B.1.22.1|B.1.220|B.1.223|B.1.224|B.1.225|B.1.227|B.1.229|B.1.23|B.1.232|B.1.233|B.1.234|B.1.236|B.1.237|B.1.239|B.1.241|B.1.245|B.1.247|B.1.250|B.1.252|B.1.263|B.1.264|B.1.264.1|B.1.265|B.1.267|B.1.268|B.1.270|B.1.273|B.1.274|B.1.276|B.1.277|B.1.279|B.1.280|B.1.281|B.1.284|B.1.285|B.1.291|B.1.293|B.1.294|B.1.298|B.1.301|B.1.302|B.1.304|B.1.306|B.1.308|B.1.309|B.1.310|B.1.311|B.1.314|B.1.319|B.1.320|B.1.321|B.1.323|B.1.324|B.1.328|B.1.329|B.1.330|B.1.332|B.1.333|B.1.334|B.1.335|B.1.336|B.1.337|B.1.338|B.1.340|B.1.341|B.1.342|B.1.343|B.1.344|B.1.346|B.1.348|B.1.349|B.1.354|B.1.355|B.1.356|B.1.357|B.1.358|B.1.359|B.1.36.19|B.1.36.22|B.1.360|B.1.361|B.1.362|B.1.362.2|B.1.363|B.1.369|B.1.369.1|B.1.37|B.1.371|B.1.377|B.1.378|B.1.379|B.1.38|B.1.380|B.1.381|B.1.382|B.1.383|B.1.384|B.1.385|B.1.387|B.1.39|B.1.390|B.1.391|B.1.395|B.1.397|B.1.399|B.1.400|B.1.401|B.1.403|B.1.408|B.1.409|B.1.411|B.1.413|B.1.415|B.1.416|B.1.416.1|B.1.417|B.1.422|B.1.423|B.1.424|B.1.425|B.1.428|B.1.432|B.1.433|B.1.434|B.1.435|B.1.436|B.1.437|B.1.438|B.1.439|B.1.441|B.1.442|B.1.443|B.1.444|B.1.445|B.1.446|B.1.450|B.1.451|B.1.452|B.1.453|B.1.456|B.1.459|B.1.466|B.1.467|B.1.469|B.1.470|B.1.475|B.1.478|B.1.479|B.1.482|B.1.483|B.1.485|B.1.486|B.1.487|B.1.492|B.1.493|B.1.494|B.1.495|B.1.496|B.1.497|B.1.498|B.1.499|B.1.500|B.1.501|B.1.502|B.1.503|B.1.504|B.1.505|B.1.506|B.1.507|B.1.508|B.1.509|B.1.510|B.1.511|B.1.513|B.1.516|B.1.518|B.1.520|B.1.521|B.1.523|B.1.527|B.1.528|B.1.530|B.1.535|B.1.537|B.1.538|B.1.539|B.1.540|B.1.541|B.1.544|B.1.545|B.1.548|B.1.555|B.1.556|B.1.558|B.1.560|B.1.564|B.1.565|B.1.566|B.1.567|B.1.568|B.1.569|B.1.571|B.1.573|B.1.574|B.1.576|B.1.577|B.1.578|B.1.580|B.1.581|B.1.582|B.1.585|B.1.586|B.1.589|B.1.590|B.1.592|B.1.593|B.1.595|B.1.595.3|B.1.595.4|B.1.596|B.1.596.1|B.1.597|B.1.598|B.1.6|B.1.600|B.1.601|B.1.604|B.1.609|B.1.611|B.1.612|B.1.613|B.1.615|B.1.67|B.1.76|B.1.78|B.1.83|B.1.84|B.1.88.1|B.1.9|B.1.9.3|B.1.9.4|B.1.9.5|B.1.93|B.1.94|B.1.96|B.4.8|D.4|D.5|K.1|K.2|L.2|N.1|N.3|N.4|N.6|N.8|S.1
2,ab73fc,ab73fcd1e3deae5ea4c32f41f9a52c63,A,A_2,70,,A|A.1|A.15|A.16|A.17|A.2|A.2.2|A.2.4|A.21|A.22|A.24|A.25|A.4|A.5|A.7|B|B.1.1.161|B.1.1.220|B.1.1.340|B.1.1.371|B.1.14|B.1.214.1|B.1.260|B.1.393|B.1.462|B.1.473|B.1.533|B.10|B.11|B.12|B.13|B.18|B.19|B.20|B.23|B.26|B.27|B.28|B.3|B.3.1|B.30|B.31|B.32|B.35|B.36|B.37|B.38|B.39|B.4|B.4.1|B.4.2|B.4.4|B.4.5|B.4.6|B.4.7|B.40|B.41|B.42|B.44|B.49|B.5|B.50|B.51|B.52|B.55|B.56|B.57|B.58|B.6|B.61
3,5ab5a2,5ab5a2ef6e5538bfec1750299ff29d88,B.1.177,B.1.177_1,35,S:A222V|S:D614G,B.1.177|B.1.177.14|B.1.177.15|B.1.177.2|B.1.177.21|B.1.177.23|B.1.177.24|B.1.177.28|B.1.177.29|B.1.177.32|B.1.177.34|B.1.177.35|B.1.177.36|B.1.177.37|B.1.177.4|B.1.177.40|B.1.177.42|B.1.177.43|B.1.177.44|B.1.177.45|B.1.177.50|B.1.177.51|B.1.177.53|B.1.177.55|B.1.177.56|B.1.177.57|B.1.177.70|B.1.177.72|B.1.177.74|B.1.177.75|B.1.177.76|B.1.177.77|B.1.177.81|B.1.177.85|Z.1
4,7a5e7b,7a5e7b07be8ebe8705c9c983074276d1,B.1.617.2,B.1.617.2_1,29,S:T19R|S:T95I|del:22029:6|S:L452R|S:T478K|S:D614G|S:P681R|S:D950N,AY.100|AY.102|AY.105|AY.108|AY.110|AY.112|AY.113|AY.114|AY.116|AY.116.1|AY.117|AY.118|AY.119|AY.124|AY.124.1|AY.125|AY.127|AY.128|AY.129|AY.21|AY.39|AY.39.1|AY.39.1.2|AY.4.6|AY.4.7|AY.4.8|AY.42|AY.78|AY.92
5,5ce072,5ce072fa43db9d18a5c2b9e5167d2cd9,B.1.617.2,B.1.617.2_2,27,S:T19R|del:22029:6|S:L452R|S:T478K|S:D614G|S:P681R|S:D950N,AY.109|AY.122|AY.13|AY.14|AY.15|AY.16|AY.16.1|AY.25|AY.3|AY.3.2|AY.43|AY.44|AY.46|AY.46.1|AY.46.6|AY.51|AY.54|AY.6|AY.7|AY.7.2|AY.76|AY.77|AY.79|AY.88|AY.91|AY.91.1|AY.98
6,df4e00,df4e00a3300f9502cfa42391e4debbe2,B.1.1,B.1.1_1,27,S:D614G|synSNP:C23731T,B.1.1.1|B.1.1.369|B.1.1.372|C.1|C.10|C.11|C.12|C.13|C.14|C.18|C.2|C.20|C.21|C.22|C.23|C.26|C.28|C.29|C.32|C.33|C.34|C.35|C.36|C.5|C.6|C.8|C.9
7,c9d19b,c9d19bd2fe8f33d3c525cf6b9c5d0bfc,B.1,B.1_1,24,S:S477N|S:D614G,B.1.160|B.1.160.10|B.1.160.11|B.1.160.12|B.1.160.13|B.1.160.14|B.1.160.15|B.1.160.16|B.1.160.17|B.1.160.19|B.1.160.20|B.1.160.22|B.1.160.23|B.1.160.24|B.1.160.25|B.1.160.26|B.1.160.27|B.1.160.28|B.1.160.29|B.1.160.30|B.1.160.8|B.1.160.9|B.1.404|B.1.438.4
8,5edfd8,5edfd875a108123d3156b0a23ebdf49a,B.1,B.1_2,12,synSNP:C22444T|S:D614G,B.1.36|B.1.36.1|B.1.36.10|B.1.36.16|B.1.36.17|B.1.36.29|B.1.36.35|B.1.36.36|B.1.36.37|B.1.36.8|B.1.36.9|B.1.468
9,19a53b,19a53b104335eae2a714a6df4bf25738,B.1.617.2,B.1.617.2_3,12,S:T19R|del:22029:6|S:A222V|S:L452R|S:T478K|S:D614G|S:P681R|S:D950N,AY.37|AY.55|AY.57|AY.58|AY.59|AY.60|AY.61|AY.62|AY.66|AY.67|AY.72|AY.73
10,a91d59,a91d5932f533e2325e1411312ee3aaad,P.1,P.1_1,9,S:L18F|S:T20N|S:P26S|S:D138Y|S:R190S|S:K417T|S:E484K|S:N501Y|S:D614G|S:H655Y|S:T1027I|S:V1176F,P.1|P.1.1|P.1.10|P.1.10.1|P.1.12|P.1.13|P.1.15|P.1.16|P.1.2
11,e6cbeb,e6cbeb1883807bdcc8c2269a1aa2c004,B.1.177,B.1.177_2,9,S:L18F|S:A222V|S:D614G,B.1.177.58|B.1.177.59|B.1.177.60|B.1.177.63|B.1.177.65|B.1.177.7|B.1.177.8|B.1.177.86|U.3
12,7b61f3,7b61f3cba6fd7f3af97faffce24cc887,B.1.617.2,B.1.617.2_4,8,S:T19R|S:G142D|del:22029:6|S:L452R|S:T478K|S:D614G|S:P681R|S:D950N,AY.17|AY.25.1|AY.46.5|AY.7.1|AY.80|AY.83|AY.93|B.1.617.2
13,286cb3,286cb3cfb7dc702ef0658ca3464896be,B.1.617.2,B.1.617.2_5,7,S:T19R|del:22029:6|S:L452R|S:T478K|S:D614G|S:P681R,AY.45|AY.46.3|AY.84|AY.96|AY.99|AY.99.1|AY.99.2
14,4fa54e,4fa54e0d90d78fbc81225d42eb58ed4c,B.1.258,B.1.258_1,7,del:21765:6|S:N439K|S:D614G|synSNP:T24910C,B.1.258.10|B.1.258.11|B.1.258.18|B.1.258.19|B.1.258.20|B.1.258.21|B.1.258.7
15,be3ad0,be3ad01945d72511695fe8e150cb99ff,B.6,B.6_1,7,synSNP:C23929T,B.6.1|B.6.2|B.6.3|B.6.4|B.6.5|B.6.6|B.6.8
16,f69c88,f69c888a2c8687c0f623ad3aa960329b,B.1,B.1_3,6,S:N439K|S:D614G,B.1.258|B.1.258.14|B.1.258.2|B.1.258.3|B.1.466.1|B.1.466.2
17,7c1b79,7c1b79355c7e680deff81507287bb344,B.1.1.318,B.1.1.318_1,5,S:T95I|del:21991:3|S:E484K|synSNP:T23287C|S:D614G|S:P681H|S:D796H|synSNP:C24382T|synSNP:C25276A,AZ.2|AZ.2.1|AZ.3|AZ.5|B.1.1.318
18,e28a02,e28a02a2edb6b895c7ded12d1b01303a,AY.5,AY.5_1,5,S:T19R|del:22029:6|S:L452R|S:T478K|S:D614G|S:P681R|S:D950N|synSNP:G24928T,AY.5|AY.5.1|AY.5.2|AY.5.3|AY.5.4
19,b77651,b77651b72ca78740f1b5bb534eca1a76,B.1,B.1_4,4,S:D614G|S:Q675H,B.1.1.385|B.1.438.1|B.1.438.2|B.1.438.3
20,3a20aa,3a20aa46da2ec62af46eccaabfe8fc6e,B.1.1.7,B.1.1.7_1,4,del:21765:6|del:21991:3|S:N501Y|S:A570D|S:D614G|S:P681H|S:T716I|S:S982A|S:D1118H,B.1.1.7|Q.1|Q.3|Q.7
21,c702c7,c702c78c607254d2d1a532666918ee38,B.1.221,B.1.221_1,4,S:S98F|S:D614G,B.1.221|B.1.221.1|B.1.221.2|B.1.221.3
22,8af2f6,8af2f6a8e0f52faf0bf58cb6d20a5f8f,AY.43,AY.43_1,4,S:T19R|del:22029:6|S:L452R|S:T478K|S:D614G|S:P681R|synSNP:C24130T,AY.43.1|AY.43.2|AY.43.3|AY.43.4
23,3d51eb,3d51eb3b5a1e96cb465dd844c39dc084,B.1,B.1_5,4,S:D614G|S:D936Y,B.1.372|B.1.488|B.1.490|B.1.614
24,9c2ac1,9c2ac17e02d7670af4107787ae2a3d58,B.1,B.1_6,4,S:E484K|S:D614G,B.1.1.345|B.1.1.393|B.1.400.1|N.9
25,3e330f,3e330f219f73676ea6ad9533367c17e7,P.1,P.1_2,3,S:L18F|S:T20N|S:P26S|S:D138Y|S:R190S|S:K417T|S:E484K|S:N501Y|S:D614G|S:H655Y|S:P681H|S:T1027I|S:V1176F,P.1.6|P.1.7|P.1.7.1
26,dcbbac,dcbbace8bf9baa1486ce30d54cab5000,B.1.1,B.1.1_2,3,S:D614G|S:V1176F,B.1.1.28|B.1.1.332|P.7
27,e30051,e300513171872bcec3f52bd02b8bb7e7,B.1.240,B.1.240_1,3,synSNP:T22162C|S:D614G,B.1.240|B.1.240.1|B.1.240.2
28,0515ac,0515ac518e349ccc80a7864fa0752e02,B.1.617.2,B.1.617.2_6,3,S:T19R|S:T95I|S:G142D|del:22029:6|S:L452R|S:T478K|S:D614G|S:P681R|S:D950N,AY.29|AY.39.1.1|AY.4
29,867496,867496c6c228e69f54c7ba99983ad98a,B.1.1,B.1.1_3,3,synSNP:C22675T|S:D614G,B.1.1.273|B.1.1.412|B.1.1.56
30,e9bbd6,e9bbd681643db8ad0ffe01b8002c3f78,B.1.1,B.1.1_4,3,S:M153T|S:D614G,B.1.1.141|B.1.1.280|B.1.1.396
31,d87cc1,d87cc1cd04caff0b3e792fce30876d92,B.1.1.315,B.1.1.315_1,3,synSNP:C22388T|S:D614G,AD.1|AD.2|AD.2.1
32,3b4b21,3b4b21e02895c2516ac7ae52dad99cb6,B.1.177,B.1.177_3,3,S:A222V|S:A262S|S:P272L|S:D614G,B.1.177.82|B.1.177.83|B.1.177.87
33,889b9b,889b9b7cf93963f1f47cedca22b0d748,B.1,B.1_7,3,synSNP:C23191T|S:D614G,B.1.325|B.1.572|B.1.606
34,c4de6c,c4de6c101319b206ea5d4f29618fef13,B.1.177,B.1.177_4,3,S:A222V|S:E583D|S:D614G,B.1.177.18|B.1.177.19|B.1.177.20
35,c3846d,c3846dab913be55e8648e2578d4a1f75,AY.9,AY.9_1,2,S:T19R|del:22029:6|S:A222V|synSNP:C22792T|S:L452R|S:T478K|S:D614G|S:P681R|S:D950N,AY.9|AY.9.2
36,e5c74b,e5c74bc5ae202eb91b41b7faa3d4688a,AY.121,AY.121_1,2,S:T19R|S:T95I|del:22029:6|S:L452R|S:T478K|S:D614G|synSNP:C23557T|S:P681R|S:D950N,AY.121|AY.121.1
37,e4db91,e4db91bdbe89e51323504eaf890629e8,B.1,B.1_8,2,S:D138Y|S:D614G,B.1.1.224|B.1.561
38,173ca9,173ca90b80c85186c56de1699f468695,B.1.617.2,B.1.617.2_7,2,S:T19R|S:G142D|del:22029:6|S:A222V|S:L452R|S:T478K|S:D614G|S:P681R|S:D950N,AY.27|AY.74
39,a8cdb3,a8cdb3a545e1054bf5cd1ccd01512a7d,B.1.617.2,B.1.617.2_8,2,S:T19R|S:T95I|del:22029:6|S:L452R|S:T478K|S:D614G|S:P681R,AY.101|AY.115
40,416665,4166659260ac102d5f9607d6463f2d5b,B.1.1,B.1.1_5,2,S:D614G|S:G769V,B.1.1.191|B.1.1.421
41,a96d14,a96d14f340816444d5a4c3778e9620b6,A,A_3,2,S:T19R|S:T95I|S:G142D|del:22029:6|S:Q173H|S:L452R|S:T478K|S:D614G|S:P681R|S:D950N,AY.29.1|XC
42,18f508,18f5083bae7c36290c4182ba11e735a0,B.1.575,B.1.575_1,2,S:S494P|S:D614G|S:P681H|S:T716I,B.1.575|B.1.575.1
43,f196a0,f196a0728c2315865d28af98abd3063f,B.1,B.1_9,2,synSNP:C21772T|S:D614G,B.1.1.428|B.1.287
44,72705a,72705a6005804c926a504fa708959572,B.1.1,B.1.1_6,2,S:D614G|S:T732A,B.1.1.222|B.1.1.322
45,06668f,06668f225c4c4f0e50345bc245cbaf8e,B.1.1,B.1.1_7,2,S:D614G|S:T747I,B.1.1.72|N.2
46,444f2e,444f2e2744792a170a59c76af900b1a2,B.1.1,B.1.1_8,2,synSNP:C23248T|S:D614G,B.1.1.153|B.1.1.170
47,8bf504,8bf5047b04037122ea5c2f1f861ae33c,B.1.617.2,B.1.617.2_9,2,S:T19R|del:22029:6|S:A222V|S:L452R|S:T478K|S:D614G|S:P681R|S:V1264L,AY.26|AY.65
48,372ae3,372ae3fd67ed6023dd945ead8fc09a7c,B.1.1.7,B.1.1.7_2,2,del:21765:6|del:21991:3|S:N501Y|S:A570D|S:D614G|S:P681H|S:T716I|S:S982A|S:D1118H|synSNP:C25096T,Q.6|Q.8
49,1899c9,1899c9e0dd0a09bdedb41478e45ac68f,B.1,B.1_10,2,S:D614G|synSNP:T24076C,B.1.243|B.1.602
50,ad4c2b,ad4c2b785922c4096b04c6321a44d2cf,P.1,P.1_3,2,S:L18F|S:T20N|S:P26S|S:D138Y|S:R190S|S:E484K|S:N501Y|S:D614G|S:H655Y|S:T1027I|S:V1176F,P.1.10.2|P.1.17
51,4fc069,4fc0699ecfc18bcbea3919e9cea83d27,B.1.517,B.1.517_1,2,S:N501T|S:D614G,B.1.517|B.1.517.1
52,b28ed8,b28ed890bb8b25baaedcd7c18ef7161d,B.1.1.294,B.1.1.294_1,2,synSNP:G21724A|S:D614G,B.1.1.294|M.2
53,9d0dc6,9d0dc6ed47ec09dcbecf28207abc9b4b,AY.4.2,AY.4.2_1,2,S:T19R|S:T95I|S:Y145H|del:22029:6|S:A222V|S:L452R|S:T478K|S:D614G|S:P681R|S:D950N,AY.4.2|AY.4.2.3
54,77feec,77feec2f76c820f01306f72ecb6a27f9,C.30,C.30_1,2,S:S255F|S:D614G|synSNP:C23731T|S:K1073N,C.30|C.30.1
55,2a4fe5,2a4fe515c9f7830101ac5d804cba5f26,B.1.1.464,B.1.1.464_1,2,S:D614G|synSNP:C23707T,AW.1|B.1.1.464
56,8e9c38,8e9c383331d22378d4e0cd943c2c3edc,B.1,B.1_11,2,S:D80Y|S:D614G,B.1.1.417|B.1.367
57,29fc49,29fc49bc0488598527acdea318df6fb6,B.1,B.1_12,2,S:D253G|S:D614G,B.1.313|B.1.426
58,f606ef,f606effdf0d4ba706ff88c5cc08bc3f4,B.1,B.1_13,2,S:D614G|S:D839Y,B.1.1.349|B.1.91
59,fd47d8,fd47d8d269acbe8bcef0f3f65edd9ed6,P.1,P.1_4,2,S:L18F|S:T20N|S:P26S|S:D138Y|S:R190S|S:K417T|S:E484K|S:N501Y|S:D614G|S:H655Y|S:N679K|S:T1027I|S:V1176F,P.1.4|P.1.5
60,76420e,76420e27147cf2f25b7c09b3795ed016,B.1.36,B.1.36_1,2,del:22189:3|synSNP:C22444T|S:D614G,B.1.36.33|B.1.36.7
61,cdf783,cdf783e37c1c8fe53f499e4e97a2a6f5,B.1.1,B.1.1_9,2,S:D614G|S:A688V,B.1.1.117|B.1.1.444
62,f82100,f8210060da6c532c92ddde9dbec1e3aa,B.1.177.52,B.1.177.52_1,2,S:A222V|S:D614G|S:P1162R,B.1.177.52|Y.1
63,368306,3683065a7cf4ceca9e2610ae2e413458,B.1.588,B.1.588_1,2,S:T20I|synSNP:G22201T|S:D614G,B.1.588|B.1.588.1
64,0e1507,0e1507b5f0561ce1e95a9c60bedbb6fd,B.1,B.1_14,2,S:L54F|S:D614G,B.1.177.49|B.1.305
65,8337de,8337de059b7865078a14d7f9d500fc68,B.1,B.1_15,2,S:D614G|synSNP:C24904T,B.1.1.251|B.1.396
66,b24788,b24788bc4f34a68363853494584bfc7d,B.1.258,B.1.258_2,2,del:21765:6|S:L189F|S:N439K|S:D614G|S:V772I|synSNP:T24910C,B.1.258.17|B.1.258.5
67,b5f95d,b5f95d0f0f5dbabee9bab82218b9a700,A,A_4,2,synSNP:G22468T,A.12|A.9
68,596b88,596b8826a869572f855676ce4b0f87fd,B.1.351,B.1.351_1,2,S:L18F|S:D80A|S:D215G|del:22281:9|S:K417N|S:E484K|S:N501Y|S:D614G|S:A701V,B.1.351.2|B.1.351.3
69,cff848,cff8486000f5e8c9b2c7c8eb200505f7,B.1.258,B.1.258_3,2,S:N439K|S:D614G|synSNP:T24910C,B.1.258.12|B.1.258.24
70,af333c,af333c4f23c4408c4a9690396ae204b5,B.1.1,B.1.1_10,2,S:R21I|S:D614G,B.1.1.279|B.1.1.30
71,8207d5,8207d5a974f622c884f9eb14679cda47,B.1,B.1_16,2,S:D614G|S:E654Q,B.1.1.59|B.1.562
72,4655d5,4655d5068d30db1962c7c0fa679740e3,B.1,B.1_17,2,S:D614G|synSNP:G23611A,B.1.158|B.1.549
73,cbece6,cbece610443e306dfdc9cea4a4734e05,AY.53,AY.53,1,S:T19R|S:A27S|del:22029:6|S:L452R|S:T478K|S:D614G|S:P681R|S:D950N,AY.53
74,c223bf,c223bf6d5400c2d4d48e161e0caaf2c7,AY.43.6,AY.43.6,1,S:T19R|S:G142D|del:22029:6|S:L452R|S:T478K|S:D614G|S:P681R|synSNP:C24130T|S:D950N,AY.43.6
75,51b6af,51b6af519be4945470569b835f094b2d,AY.103,AY.103,1,S:T19R|del:22029:6|S:L452R|S:T478K|S:D614G|S:P681R|synSNP:C24208T|S:D950N,AY.103
76,3da7d3,3da7d30f8244c9f5a5c0765703ee4923,B.1.177.12,B.1.177.12,1,S:A222V|S:D614G|synSNP:T24814C,B.1.177.12
77,2f07d6,2f07d60a4a5b5c7f912b84293cfb5ae4,AY.46.2,AY.46.2,1,S:T19R|del:22029:6|S:T478K|S:D614G|S:P681R|S:D950N,AY.46.2
78,d62037,d620370ea49d069ec1e4b3c5820e8d42,D.2,D.2,1,S:S477N|synSNP:G23401A|S:D614G,D.2
79,8db8a7,8db8a7201d03e69f068040199896ed23,AY.34.1,AY.34.1,1,S:T19R|S:T95I|del:22029:6|synSNP:C22498T|S:L452R|S:T478K|S:D614G|S:Q677H|S:P681R|S:D950N|S:L1265F,AY.34.1
80,b2da2b,b2da2b8db0cc2b8c58a20a06e875b8c1,AY.69,AY.69,1,S:T19R|del:22029:6|S:A222V|S:L452R|S:T478K|S:D614G|S:P681R,AY.69
81,7a9874,7a9874622b3783752afebc0c2bb1ea3e,B.1.546,B.1.546,1,S:D614G|S:L822F,B.1.546
82,4d9840,4d9840e722b68ec182efc4b081919a7e,P.1.14,P.1.14,1,S:L18F|S:T20N|S:P26S|S:D138Y|S:R190S|S:K417T|S:E484K|S:N501Y|synSNP:C23380T|S:D614G|S:H655Y|S:T1027I|S:V1176F,P.1.14
83,70c441,70c44141cbf0fe4d93a25177bd160401,B.1.429,B.1.429,1,S:S13I|S:W152C|S:L452R|S:D614G|synSNP:T24349C,B.1.429
84,114ba6,114ba67d8e7b89b16e05297f62226d63,Q.4,Q.4,1,del:21765:6|del:21991:3|S:N501Y|S:A570D|S:D614G|S:P681R|S:T716I|S:S982A|S:D1118H,Q.4
85,153a57,153a571ef4ff78cf7d2aede475491ee3,AZ.4,AZ.4,1,S:T95I|del:21991:3|S:E484K|synSNP:T23287C|S:D614G|S:P681H|S:D796H|synSNP:C25276A,AZ.4
86,89ce27,89ce27073dbf5942dc0d89dba267991c,Q.2,Q.2,1,del:21765:6|del:21991:3|synSNP:G22468T|S:N501Y|S:A570D|S:D614G|S:P681H|S:T716I|S:S982A|S:D1118H,Q.2
87,2e3187,2e3187451cefd5afe804d54bd32179a9,AY.20,AY.20,1,S:T19R|S:T95I|del:22029:6|S:L452R|S:T478K|S:D614G|S:P681R|S:V1104L,AY.20
88,64606c,64606c3c8bdb814048c577fdbddceacb,B.1.375,B.1.375,1,del:21765:6|S:D614G|synSNP:G24007A,B.1.375
89,2d85bb,2d85bb5b9deac79a7fc22d34725c50ef,AY.119.2,AY.119.2,1,S:T19R|S:T95I|del:22029:6|S:L452R|S:T478K|S:D614G|S:Q675H|S:P681R|S:D950N,AY.119.2
90,8fc339,8fc3391641dd07c3e9cdf511d362c34c,AY.47,AY.47,1,S:T19R|del:22029:6|S:A222V|S:V289I|S:L452R|S:T478K|S:D614G|S:P681R|S:D950N,AY.47
91,ff2cb0,ff2cb0b932017619bb304cab502d273e,AY.75,AY.75,1,S:T19R|synSNP:C21622T|del:22029:6|S:A222V|S:L452R|S:T478K|S:D614G|S:P681R|S:D950N,AY.75
92,8ef09a,8ef09a317b6d7c093f274c6c4a725768,AY.50,AY.50,1,S:T19R|S:G142D|del:22029:6|S:V308L|S:L452R|S:T478K|S:D614G|S:P681R|S:D950N,AY.50
93,42b1df,42b1df24f7bd9d0aa3a1a09135bfcbf9,B.1.474,B.1.474,1,S:D614G|S:P681H|S:D796Y|synSNP:C25207T,B.1.474
94,2e9021,2e90216a2ea00afc422364c1e0f60d08,AY.23,AY.23,1,S:T19R|del:22029:6|S:L452R|S:T478K|S:D614G|S:P681R|S:D950N|S:V1264L,AY.23
95,bb2c09,bb2c09c75685a78f1cbed1d7a159db35,AY.75.3,AY.75.3,1,S:T19R|synSNP:C21622T|S:G142D|del:22029:6|S:A222V|S:P251L|S:L452R|S:T478K|S:D614G|S:P681R|S:D950N,AY.75.3
96,12361a,12361aa01662c3aeff90cd78ffc19cb8,AY.34.1.1,AY.34.1.1,1,S:T19R|S:T95I|del:22029:6|synSNP:C22498T|S:L452R|S:T478K|S:D614G|S:Q677H|S:P681R,AY.34.1.1
97,6a1e5e,6a1e5ed86a25376da4c64a75706a4e5b,B.1.465,B.1.465,1,S:D614G|S:A879S,B.1.465
98,e72008,e72008417cb1058b8542a9edded9a101,AY.68,AY.68,1,S:T19R|del:22029:6|S:A222V|S:D253A|S:L452R|S:T478K|S:D614G|S:P681R|S:D950N|S:D979E,AY.68
99,4d5087,4d50870f8e564301a76984d332363746,AY.126,AY.126,1,S:T19R|del:22029:6|S:L452R|S:T478K|S:D614G|S:P681R|S:I850L|S:D950N,AY.126
100,fe30a2,fe30a2a0d94fa768efb6888360b03f80,B.1.398,B.1.398,1,S:T95I|S:D614G,B.1.398
101,03ba29,03ba290bfd245d29a78d32be63ed09d3,AY.33,AY.33,1,S:T19R|S:T29A|del:22029:6|S:T250I|S:L452R|S:T478K|S:D614G|S:P681R|S:D950N,AY.33
102,fc6b0c,fc6b0c1d4bf031931993fd00d5ebe08a,B.1.214.2,B.1.214.2,1,S:Q414K|S:N450K|S:D614G|S:T716I,B.1.214.2
103,1abab9,1abab981b5002b40cf1f7ab6c84d9e50,B.1.619.1,B.1.619.1,1,synSNP:C21637T|S:I210T|S:N440K|S:E484K|S:D614G|synSNP:T24194C|S:D936N|S:S939F|S:T1027I,B.1.619.1
104,24b338,24b338acb48cf65c12f7d8b3935d291e,XB,XB,1,S:L18R|S:T95I|S:R158S|S:D614G|S:P681H|S:A688V|S:S735A|synSNP:C24442T|S:T1027I,XB
105,5fd527,5fd52709549fbd2cbe980cccee984dfb,AY.71,AY.71,1,S:T19R|del:22029:6|S:A222V|S:L452R|S:T478K|S:D614G|S:P681R|S:D950N|S:S1252F,AY.71
106,591c3e,591c3e980dad62c8e5b249a3be0d51b6,B.1.402,B.1.402,1,S:T307I|S:D614G,B.1.402
107,bc884a,bc884a97cb19a651f03f72bf55074db6,B.1.258.16,B.1.258.16,1,S:N439K|S:D614G|synSNP:T24925C,B.1.258.16
108,ada157,ada1574a115a7a40a2926e02850c0fc5,B.1.3,B.1.3,1,S:D614G|S:Q675R,B.1.3
109,695c64,695c64b860fb7a5f453e9adea10f8ac6,B.1.1.486,B.1.1.486,1,S:T29I|S:T572I|S:D614G|S:Q677H|S:D936N,B.1.1.486
110,ddd4c6,ddd4c61644423e96232c134729ea8e8f,AY.122.1,AY.122.1,1,S:T19R|del:22029:6|S:L452R|S:T478K|S:D614G|S:P681R|S:T791I,AY.122.1
111,14a96f,14a96f82ecec4f78636cb35c9958d6b3,AY.98.1,AY.98.1,1,S:T19R|del:22029:6|S:P251L|S:L452R|S:T478K|S:D614G|S:P681R|S:D950N,AY.98.1
112,588760,58876018fe95a16447dcbf0c7249fa6a,C.36.3,C.36.3,1,S:S12F|del:21765:6|S:W152R|S:R346S|S:L452R|S:D614G|S:Q677H|synSNP:C23731T|S:A899S,C.36.3
113,3fbaa7,3fbaa7441cb4a18d43bcf697e64c2724,AY.122.2,AY.122.2,1,S:T19R|del:22029:6|S:A411S|S:L452R|S:T478K|S:D614G|S:P681R,AY.122.2
114,87b980,87b98083a24a8f03971ecac65d27a6fe,B.1.1.207,B.1.1.207,1,S:D614G|S:P681H|synSNP:A24874G,B.1.1.207
115,d92505,d925057d100a544a669124b95ab4d317,B.1.36.25,B.1.36.25,1,synSNP:C22444T|S:D614G|S:S813I,B.1.36.25
116,cd6d15,cd6d15b9aa989ab88b175b21b73ec123,B.1.1.269,B.1.1.269,1,S:D614G|S:D1084Y,B.1.1.269
117,b38355,b383550fa2f7e514ca0352dec656d8c3,B.1.1.186,B.1.1.186,1,S:D138H|synSNP:C23191T|S:D614G,B.1.1.186
118,0a6f1e,0a6f1efaae9cddb882981e7ac2b87245,B.1.177.68,B.1.177.68,1,S:Q14R|S:L18F|S:A222V|S:D614G|synSNP:C24334T,B.1.177.68
119,2f00d2,2f00d2921d74901eb22664230bb8bd8a,AY.63,AY.63,1,S:T19R|S:G142D|del:22029:6|S:A222V|S:L452R|S:T478K|S:D614G|S:P681R|synSNP:A23848G|S:D950N,AY.63
120,cbaa1e,cbaa1e169074fefae16f9303d7166b97,B.1.214.3,B.1.214.3,1,S:T95I|S:D614G|S:T716I,B.1.214.3
121,f386c4,f386c43783af8db310e599f3b22cd98f,AY.70,AY.70,1,S:T19R|S:R21T|del:22029:6|S:A222V|S:L452R|S:T478K|S:D614G|S:P681R|S:D950N,AY.70
122,c6a278,c6a278ce373cf3bc030511d30143efb0,B.1.128,B.1.128,1,S:D614G|synSNP:T24739C,B.1.128
123,5b0f44,5b0f440e0f38fd902ee85c7390339a0d,AY.36,AY.36,1,S:T19R|del:22029:6|S:L452R|S:T478K|S:D614G|S:P681R|S:V1104L,AY.36
124,176122,176122717b1dd36d1d5eb1edf7ea180f,B.1.219,B.1.219,1,S:E281V|S:D614G,B.1.219
125,f08f81,f08f818ad8fc03aedb94a5a5daf2a307,AY.4.5,AY.4.5,1,S:T19R|S:T95I|del:22029:6|S:L452R|S:T478K|S:D614G|S:P681R|S:D950N|S:D1259Y,AY.4.5
126,9fc524,9fc524e3a05ee5dac3665ab5cdb014bb,B.1.427,B.1.427,1,S:S13I|S:W152C|S:L452R|S:D614G,B.1.427
127,e1203c,e1203cf61d6488efcf7d790be9a9295b,AT.1,AT.1,1,ins:23599:GGGGATAGCACT|S:P9L|del:21967:27|S:D215G|S:H245P|S:E484K|S:D614G|S:E780K|synSNP:C24370T,AT.1
128,410e76,410e76991939a44dea835c6710d16a17,B.1.1.37,B.1.1.37,1,synSNP:C21637T|S:D614G,B.1.1.37
129,f01a91,f01a916dcb644dc010a91eaf35a9d21f,B.1.36.38,B.1.36.38,1,synSNP:C22444T|synSNP:G22918T|S:D614G,B.1.36.38
130,d00782,d00782f41bbdc60cf7c4dd6c1bba6a09,B.1.575.2,B.1.575.2,1,S:R102G|S:E484K|S:S494P|S:D614G|S:P681H|S:T716I,B.1.575.2
131,74b8bf,74b8bfd171f99b36ed3fbd567d353860,AY.82,AY.82,1,S:T19R|S:G142D|del:22029:6|synSNP:C22783T|S:L452R|S:T478K|S:D614G|S:P681R|S:D950N,AY.82
132,4160dc,4160dc969c4fb8af85072a2477f7e73c,B.1.619,B.1.619,1,synSNP:C21637T|S:I210T|S:E484K|S:D614G|synSNP:T24194C|S:D936N|S:S939F|S:T1027I,B.1.619
133,a2301e,a2301e8758d613488b8e7e76653f01a0,B.1.1.263,B.1.1.263,1,synSNP:T21775G|S:D614G,B.1.1.263
134,779c1c,779c1cc27e8fa21efc68bf2a677e5c39,B.1.526,B.1.526,1,S:L5F|S:T95I|S:D253G|S:D614G,B.1.526
135,451970,45197025d83db7480c42f733316482cf,B.1.415.1,B.1.415.1,1,del:21765:6|del:22286:3|S:R246T|S:R346K|S:E484K|S:N501T|S:D614G|S:P681H|S:T859N|S:S982L,B.1.415.1
136,b8552d,b8552d7cdbdf8498eb9aec57715362d2,AU.1,AU.1,1,S:N439K|S:D614G|synSNP:C24023T,AU.1
137,473307,473307fc7aecc271a92e73c2f0e52688,AY.94,AY.94,1,S:T19R|del:22029:6|S:L452R|synSNP:C22987T|S:T478K|S:D614G|S:P681R|S:D950N,AY.94
138,a90ea4,a90ea4436c34b1a80303590429e8d990,AY.4.4,AY.4.4,1,S:T19R|S:T95I|synSNP:C22000T|del:22029:6|S:L452R|S:T478K|S:D614G|S:P681R|S:S929T|S:D950N,AY.4.4
139,bf3cef,bf3cefacc8ac42ac79be562c4ed7d8e5,L.1,L.1,1,S:D614G|S:M1237T,L.1
140,ee1dd3,ee1dd3c77a033f62ee5cd5587ff9b122,B.1.289,B.1.289,1,S:H245Y|S:D614G,B.1.289
141,c6a004,c6a0045b600d6a286c190e583ee14742,A.6,A.6,1,S:A829T,A.6
142,6598c6,6598c6024265fe33364e10165263fe5a,P.1.17.1,P.1.17.1,1,S:L18F|S:T20N|S:P26S|S:H49Y|S:D138Y|S:R190S|S:K417T|S:E484K|S:N501Y|S:D614G|S:H655Y|S:T1027I|S:V1176F,P.1.17.1
143,e4bf31,e4bf31ae184ad815a32cc94ce179345b,AY.23.2,AY.23.2,1,S:T19R|del:22029:6|S:L452R|S:T478K|S:D614G|S:P681R|S:E702V|S:D950N|S:V1264L,AY.23.2
144,6009d4,6009d4e9922b55bc63b351aa0c746040,C.36.3.1,C.36.3.1,1,S:S12F|del:21765:6|S:W152R|S:R346S|S:L452R|S:S477N|S:D614G|S:Q677H|synSNP:C23731T|S:A899S|synSNP:T24811C,C.36.3.1
145,264557,2645570d10d368b2b52439176393fa8e,AY.3.1,AY.3.1,1,S:T19R|del:22029:6|S:L452R|S:T478K|synSNP:T23284C|S:D614G|S:P681R|S:D950N|synSNP:C25339T,AY.3.1
146,211c66,211c664068948c1caa91febc0218ad17,AY.35,AY.35,1,S:T19R|S:K77T|del:22029:6|S:L452R|S:T478K|S:E484Q|S:D614G|S:P681R|S:D950N,AY.35
147,450098,450098a76177c86491434281305a5dbb,C.37,C.37,1,S:T76I|S:L452Q|S:F490S|S:D614G|synSNP:C23731T|S:T859N,C.37
148,319fa1,319fa12134b19160fa0347f865a71ee4,B.1.177.33,B.1.177.33,1,S:A222V|S:D614G|S:G639S,B.1.177.33
149,b9848d,b9848de5cf23e90c077ee026d8309828,B.1.177.80,B.1.177.80,1,S:L18F|S:A222V|synSNP:T22843C|S:D614G,B.1.177.80
150,806af9,806af98440210d14ed0503b4a8e5ed66,B.1.623,B.1.623,1,S:S494P|S:N501Y|S:D614G|S:P681H|S:E1111K,B.1.623
151,08a41d,08a41d3136a0cec87da5459aa82e8064,A.2.5,A.2.5,1,S:L452R|S:D614G|synSNP:G24697A,A.2.5
152,4df716,4df716615cdd5d1cb0c15dd4b38a0dbc,B.1.351,B.1.351,1,S:D80A|S:K417N|S:E484K|S:N501Y|S:D614G|S:A701V,B.1.351
153,b3f9d4,b3f9d4205b52c023075729309234ff1a,AY.46.4,AY.46.4,1,S:T19R|del:22029:6|S:L452R|S:T478K|S:D614G|S:E661D|S:P681R|S:D950N,AY.46.4
154,0d4e37,0d4e37fd7d80e237c34f65f857ae0520,B.1.605,B.1.605,1,S:D614G|S:T1116N,B.1.605
155,876be5,876be5e9e2d404ae6141fa9b225836eb,B.1.350,B.1.350,1,S:D614G|S:G1219C,B.1.350
156,23b1b2,23b1b22030451fc273ff87216802877f,B.1.1.272,B.1.1.272,1,S:A520S|S:D614G,B.1.1.272
157,4c1246,4c12465c37134a762281882edc79c966,AY.23.1,AY.23.1,1,S:T19R|S:G142D|del:22029:6|synSNP:T22213C|S:L452R|S:T478K|S:D614G|S:P681R|S:D950N|S:L1234I|S:V1264L,AY.23.1
158,968f6d,968f6dd0d9fb7088e615c937c0420a9f,P.1.9,P.1.9,1,S:L18F|S:T20N|S:P26S|S:D138Y|S:R190S|S:K417T|S:E484K|S:N501Y|S:D614G|S:H655Y|S:Q675H|S:T1027I|S:V1176F,P.1.9
159,fa229f,fa229fe130a0ce6f9122a4c360a48cb6,B.1.1.433,B.1.1.433,1,S:S477R|S:D614G|S:S673T|S:N679K,B.1.1.433
160,eef5c0,eef5c08d1e6a87ec28d0ce67a289bd22,B.1.1.374,B.1.1.374,1,synSNP:C22792T|S:L452Q|S:D614G,B.1.1.374
161,1ceec5,1ceec56865f229e4e61a64d6717f792e,B.1.406,B.1.406,1,S:D614G|S:D1163Y,B.1.406
162,4c96d5,4c96d5d6bdc9db20c46877ebc90d527b,B.1.1.312,B.1.1.312,1,S:D614G|S:Q957L,B.1.1.312
163,1ecb4c,1ecb4ccb70cb5acee6bffd40991253c2,B.1.579,B.1.579,1,S:D614G|synSNP:C24181T,B.1.579
164,f72850,f7285081afb28044e440bf0f59c2c86c,B.1.1.519,B.1.1.519,1,S:T478K|S:D614G|S:P681H|S:T732A,B.1.1.519
165,ebe7e4,ebe7e45759d5e463aec27e2b1b25e2ee,AY.9.2.2,AY.9.2.2,1,S:T19R|del:22029:6|S:A222V|synSNP:C22792T|S:L452R|S:T478K|S:D614G|S:Q675K|S:P681R|S:D950N,AY.9.2.2
166,d8b0e6,d8b0e66e5ebee3516f882e46ee14a180,B.1.554,B.1.554,1,synSNP:G22813A|S:D614G,B.1.554
167,7ef8dd,7ef8dd768d083e3ebc1d52e38371abdd,B.1.634,B.1.634,1,S:L18R|del:21765:6|S:T95I|S:R158S|S:E484K|S:D614G|S:A688V|S:N764K,B.1.634
168,989419,989419a8ec7bd60383d3e3eeca9dd160,AY.38,AY.38,1,S:T19R|del:22029:6|S:A222V|S:T250S|S:L452R|S:T478K|S:D614G|S:P681R,AY.38
169,2e8260,2e8260773017e5d442538e6783c296e7,AY.24,AY.24,1,S:T19R|del:22029:6|S:A222V|S:L452R|S:T478K|S:D614G|S:P681R|synSNP:C23896T,AY.24
170,e2e5e7,e2e5e7e2c8f203ac0b9662b4a8714bc8,AY.120.2.1,AY.120.2.1,1,S:T19R|S:H66Y|S:T95I|del:22029:6|S:L452R|S:T478K|S:D614G|S:P681R|S:D950N|synSNP:A25003G,AY.120.2.1
171,02e1ff,02e1ffdc2527345eb1d85a74687c252f,B.1.1.377,B.1.1.377,1,S:I233V|S:D614G,B.1.1.377
172,e907ff,e907ff8cd1856ad7441e3127deaf9d65,B.1.1.397,B.1.1.397,1,S:D138Y|S:M153T|S:D614G,B.1.1.397
173,9d6981,9d69813d783d38a125b08581d7b86013,AY.52,AY.52,1,S:T19R|del:22029:6|S:L452R|S:T478K|S:D614G|S:P681R|S:D950N|S:L1141W,AY.52
174,ac3dfd,ac3dfd39151349bfa87d7b2c67894093,AB.1,AB.1,1,S:S477N|S:D614G|synSNP:C23683T,AB.1
175,f32404,f32404e9a02a982d137f089fd2bc47cc,AY.34,AY.34,1,S:T19R|S:T95I|del:22029:6|synSNP:C22498T|S:L452R|S:T478K|S:D614G|S:Q677H|S:P681R|S:D950N,AY.34
176,46457b,46457bc70270c656bfce5b023f322beb,AY.41,AY.41,1,S:T19R|del:22029:6|S:A262S|S:L452R|S:S477I|S:T478K|S:D614G|S:P681R|S:D950N|S:G1167V,AY.41
177,018d2c,018d2cca3eb920a298d25eb2be31e782,B.1.564.1,B.1.564.1,1,S:D614G|synSNP:A24253T,B.1.564.1
178,06ebed,06ebedc845cfc789fdfb15036b6f42b5,B.1.1.75,B.1.1.75,1,S:D614G|S:A846V,B.1.1.75
179,1b8e65,1b8e65a27b16d7a775202b506c52e356,AY.106,AY.106,1,S:T19R|S:T95I|del:22029:6|S:S255F|S:L452R|S:T478K|S:D614G|S:P681R|S:D950N,AY.106
180,3f668c,3f668c3e5ffeca9d2803ee219cecf89c,B.1.8,B.1.8,1,S:D614G|synSNP:A24862G,B.1.8
181,d7a0b2,d7a0b25e85f832c99f47a753f55eb087,B.1.1.298,B.1.1.298,1,S:Y453F|S:D614G,B.1.1.298
182,96fd57,96fd57f28b56d2d2e83e908f7ca0b199,B.1.36.18,B.1.36.18,1,S:G75R|synSNP:C22444T|S:D614G,B.1.36.18
183,36129e,36129e60c18eb22b68ce16fb4ee3d48b,B.1.617.1,B.1.617.1,1,synSNP:T21895C|S:L452R|S:E484Q|S:D614G|S:P681R,B.1.617.1
184,a85c75,a85c75a37bb5b8a622ee03e1b4e88f30,B.1.524,B.1.524,1,synSNP:C21622A|S:D614G|S:A701V,B.1.524
185,500fc6,500fc6fff769a604bfad80024a4a4bb0,B.1.640.1,B.1.640.1,1,S:P9L|S:E96Q|del:21967:27|S:R190S|S:I210T|S:R346S|S:N394S|S:Y449N|S:F490R|S:N501Y|S:D614G|S:P681H|S:T859N|S:D936H,B.1.640.1
186,50234e,50234e4db1cee6c0a3b16bef63290374,B.1.351.5,B.1.351.5,1,S:L18F|S:D80A|S:D215G|S:K417N|S:E484K|S:N501Y|S:D614G|S:A701V|synSNP:C24334T,B.1.351.5
187,b29688,b2968875dd009f795a5f05f79ad7c564,B.1.618,B.1.618,1,del:21993:6|S:E484K|S:D614G|synSNP:T25084C,B.1.618
188,06b370,06b3704fcb55f46945cb420c28e3d913,AY.86,AY.86,1,S:T19R|S:G142D|del:22029:6|S:L452R|S:T478K|S:D614G|S:P681R|S:A845S|S:D950N,AY.86
189,7be8ca,7be8ca6c8507cb9f6389f96495952f8e,B.1.1.526,B.1.1.526,1,S:D614G|S:P681H|synSNP:T24811C|S:V1230L,B.1.1.526
190,534831,5348314308b77c4d4d8a3703a9b3adc4,B.1.636,B.1.636,1,S:L18F|S:N148T|S:D614G|S:A688V|S:G769R|S:T1027I,B.1.636
191,196ec2,196ec2c6baf59134d3f83c5196a2a04d,B.1.36.26,B.1.36.26,1,S:L54F|synSNP:C22444T|S:D614G|synSNP:C25000T,B.1.36.26
192,23f35b,23f35be6e405345abd7ceb78e0f87881,D.3,D.3,1,S:D614G|synSNP:T23548C,D.3
193,9a4807,9a4807389a3f03cd476bc761a5b476ef,B.1.36.31,B.1.36.31,1,S:R102S|S:A222V|synSNP:C22444T|S:D614G,B.1.36.31
194,2f0e1c,2f0e1c4a12e52f79e304cfe204772002,B.1.1.445,B.1.1.445,1,S:S477N|synSNP:T23101C|synSNP:G23401A|S:D614G,B.1.1.445
195,40441c,40441c1107103e8115119e28a8b5d2b6,B.1.177.71,B.1.177.71,1,S:A222V|S:D614G|S:M1237I,B.1.177.71
196,55aca6,55aca67fac065c82df213c4e648bb640,B.1.1.91,B.1.1.91,1,S:D614G|synSNP:C24023T,B.1.1.91
197,18bcff,18bcff6e9a39b7ee0670fb92f15346a3,AY.120.2,AY.120.2,1,S:T19R|del:22029:6|S:L452R|S:T478K|S:D614G|S:P681R|synSNP:A25003G,AY.120.2
198,02eca1,02eca130f0664da920dcb8e3d6ae9c74,AY.85,AY.85,1,S:T19R|S:T95I|S:L452R|S:T478K|S:D614G|S:P681R|S:D950N,AY.85
199,dd187d,dd187d779bc10e637c8cc135b6ed9916,B.1.621.1,B.1.621.1,1,S:T95I|synSNP:T22384A|S:R346K|S:E484K|S:N501Y|S:D614G|S:P681H|S:D950N,B.1.621.1
200,bce316,bce316f2e0eb3ba888f7fac4a9505e2f,B.1.1.521,B.1.1.521,1,S:D614G|synSNP:C23422T,B.1.1.521
201,0d8e34,0d8e3402df66728111fefb76d5dfa761,AY.26.1,AY.26.1,1,S:T19R|del:22029:6|S:A222V|S:L452R|S:T478K|S:E484Q|S:D614G|S:P681R|S:D950N|S:T1009S|S:V1264L,AY.26.1
202,076d0c,076d0c8c1b771df46494c0dc9663485c,B.1.177.39,B.1.177.39,1,S:A222V|S:S256L|S:D614G,B.1.177.39
203,fcca22,fcca2242df3888ecf48b355fd5e176de,A.23,A.23,1,synSNP:C22000T|S:F157L|S:V367F|S:Q613H|synSNP:T24097C,A.23
204,521f46,521f468fd8f9d97835ce092ad3e45d7e,B.1.177.16,B.1.177.16,1,S:A222V|S:D614G|synSNP:C24106T,B.1.177.16
205,04f92a,04f92acba65237822c0de35e1a534d06,B.1.1.528,B.1.1.528,1,S:D138Y|S:D614G|S:P681R,B.1.1.528
206,7b85e8,7b85e80dc428331b66cc4ae6ef0aeec5,B.1.1.112,B.1.1.112,1,S:D614G|synSNP:T24214C,B.1.1.112
207,3b2ef6,3b2ef672d1b32eaa95d4e2f7eb7ee723,AY.34.2,AY.34.2,1,S:T19R|S:T95I|del:22029:6|synSNP:C22498T|S:L452R|S:T478K|S:D614G|S:Q677H|S:P681R|S:T859I|S:D950N,AY.34.2
208,6de010,6de010d1766708bae114121d2f826d8c,B.1.126,B.1.126,1,S:D215Y|S:D614G,B.1.126
209,4f99d7,4f99d7c5418a060a70311a24cd4eec03,B.1.551,B.1.551,1,S:D614G|S:P681R,B.1.551
210,2ebf9f,2ebf9fbf03ddf7fb64f56c52a19aaa01,B.1.177.73,B.1.177.73,1,S:A222V|S:D614G|S:Q1071L,B.1.177.73
211,b53a82,b53a82df748b9ed6b94af7059b946247,B.1.1.415,B.1.1.415,1,S:D614G|synSNP:C24421T,B.1.1.415
212,360f92,360f92a3df28a4e8e7bcb804bca931b8,AY.120.1,AY.120.1,1,S:T19R|S:T95I|del:22029:6|S:L452R|S:T478K|S:D614G|S:P681R|S:D950N|synSNP:A25003G,AY.120.1
213,82d5f1,82d5f1745c2561b0dbddacf8482b874e,B.1.587,B.1.587,1,S:D178G|S:D614G,B.1.587
214,152d4a,152d4ab787d82a9a4572a63925f96110,B.1.366,B.1.366,1,synSNP:G22225T|S:D614G,B.1.366
215,384177,384177456a6152683092522ff0a6327d,B.1.36.21,B.1.36.21,1,S:L54F|synSNP:C22444T|S:D614G,B.1.36.21
216,e4226b,e4226b2c3e916ce8364beab56c3dc085,B.1.534,B.1.534,1,synSNP:T21760C|S:D614G|S:T859I|S:E1202Q,B.1.534
217,c56b4c,c56b4ca827fbb7e1d9296f8279085fc1,B.1.536,B.1.536,1,S:D614G|synSNP:A24005C,B.1.536
218,94b7fe,94b7fe860cbd602b8b903b9607138fa1,B.53,B.53,1,S:Y28H,B.53
219,e804af,e804af826d8f7f51af2fc2699d8ec58f,AY.1,AY.1,1,S:T19R|S:T95I|del:22029:6|S:W258L|S:K417N|S:L452R|S:T478K|S:D614G|S:P681R|S:D950N,AY.1
220,6a17f5,6a17f532f272e1d630a828fb4d876333,N.7,N.7,1,synSNP:A22720G|S:D614G,N.7
221,275012,2750129cb67b53afc05880155c0e890e,N.5,N.5,1,S:Q414R|S:D614G,N.5
222,2ac95e,2ac95e6ab85c92e32c6e71df53e646b2,AH.2,AH.2,1,S:V3G|S:L5F|S:D614G|S:L841F|S:T859I,AH.2
223,9a3b7b,9a3b7bac53634255c63faa675a8c9c15,B.1.1.320,B.1.1.320,1,synSNP:T22873C|S:D614G,B.1.1.320
224,045edf,045edfc828a1b7ab15dd50bee131ee13,B.1.177.54,B.1.177.54,1,S:A222V|S:D614G|synSNP:C23644T,B.1.177.54
225,8469b5,8469b5010d02c0f6567a36d3b52b49a1,B.1.389,B.1.389,1,S:D614G|S:T723I,B.1.389
226,2c33cf,2c33cfca3a8c4fcdaac437daa45062ab,B.1.159,B.1.159,1,S:D614G|synSNP:C23635T,B.1.159
227,570c7c,570c7c973f75898016acf4ac4cf8cd27,AY.75.2,AY.75.2,1,S:T19R|synSNP:C21622T|del:22029:6|S:A222V|S:L452R|S:T478K|S:D614G|S:P681R|synSNP:G23611T,AY.75.2
228,e633bb,e633bb28871f336d12abd190bca99aed,A.3,A.3,1,synSNP:C24034T,A.3
229,97888d,97888dc262ed0a140c028d7e57988c91,B.1.1.58,B.1.1.58,1,synSNP:C22210T|S:D614G,B.1.1.58
230,025e00,025e00326375e083987a402926a3cbd0,AM.4,AM.4,1,synSNP:C21952T|S:D614G|synSNP:C23635T,AM.4
231,319a4b,319a4b3d00a695e6f6aa2307b73f5e67,AY.81,AY.81,1,S:T19R|del:22029:6|S:L452R|S:T478K|S:D614G|S:P681R|S:A694V|S:D950N|S:D1260Y,AY.81
232,eeefe6,eeefe66ed0b30f4522d4eaab6bead49a,A.2.5.2,A.2.5.2,1,synSNP:A22525G|S:L452R|S:D614G|synSNP:G24697A,A.2.5.2
233,28bc48,28bc48462a66d6154d72461468bf98c9,B.1.625,B.1.625,1,del:21765:6|S:T95I|S:F157L|S:E484K|S:D614G|S:D950N|S:V1228L,B.1.625
234,989982,989982c47875f7ea9139acb1aacb3b94,AY.64,AY.64,1,S:T19R|del:22029:6|S:A222V|S:L452R|S:T478K|S:D614G|S:P681R|synSNP:C24130T|S:D950N|S:K1191N,AY.64
235,b80d6b,b80d6b997305fd5dcc2610d1fac6078c,AY.43.5,AY.43.5,1,S:T19R|del:22029:6|S:L452R|S:T478K|S:N501S|S:D614G|S:P681R|synSNP:C23638T|S:D950N|synSNP:C24937T,AY.43.5
236,297e3c,297e3cff801f74d031b27af063dd5b2e,B.1.1.100,B.1.1.100,1,S:T385I|S:D614G,B.1.1.100
237,c8ec2e,c8ec2ea8081c6bbaee9400ad614b29ef,B.1.1.63,B.1.1.63,1,S:S12F|S:D614G,B.1.1.63
238,f8988b,f8988b7e761c8cfa17b70dcff660cbf1,B.1.463,B.1.463,1,S:P384L|S:D614G|S:P812S,B.1.463
239,8f4ada,8f4ada7a0163cd87cdadb1f78aa74e4e,C.16,C.16,1,S:L452R|S:D614G|synSNP:C23731T,C.16
240,145427,145427be3343baa4514ffb8df3865556,B.1.1.462,B.1.1.462,1,S:E583D|S:D614G,B.1.1.462
241,9da35c,9da35ccfc8711d79d5e6d59adb7223fd,B.1.160.31,B.1.160.31,1,S:S477N|synSNP:T23101C|S:D614G,B.1.160.31
242,af3052,af3052237a390094c56b0db746c70bdf,AY.4.3,AY.4.3,1,S:T19R|S:P26S|S:T95I|del:22029:6|S:L452R|S:T478K|S:D614G|S:P681R|S:D950N,AY.4.3
243,ec9be8,ec9be8385defb64e24853dc378ecc661,B.1.1.337,B.1.1.337,1,S:D614G|synSNP:A23779T,B.1.1.337
244,fc02f3,fc02f3e132105a2050f9e73d331a1bfd,B.1.595.1,B.1.595.1,1,S:D614G|S:N1187Y,B.1.595.1
245,4afd5d,4afd5d645f78d937e5842a81356df74c,B.1.1.339,B.1.1.339,1,S:D614G|S:I870V,B.1.1.339
246,47a3fb,47a3fb2e782a741e9fdd9fbc6a0bb93b,A.23.1,A.23.1,1,synSNP:C22000T|S:F157L|S:V367F|S:Q613H|S:P681R|synSNP:T24097C,A.23.1
247,c0d4d5,c0d4d56c7da71cf347276367bf162b0f,B.1.1.175,B.1.1.175,1,S:N211Y|S:D614G,B.1.1.175
248,a4c9a2,a4c9a2bc24d53d3776aaf364ad91b6c8,L.3,L.3,1,S:D614G|S:Y1155F,L.3
249,6e5b37,6e5b37f57bda1d1740e143a540c10edd,AY.30,AY.30,1,S:T19R|S:L452R|S:T478K|S:D614G|S:P681R|S:D950N|synSNP:C24745T,AY.30
250,7b5c54,7b5c54cb212d74352bace074d6a47814,AY.104,AY.104,1,S:T19R|S:T95I|S:G142D|del:22029:6|S:L452R|S:T478K|S:T572I|S:D614G|S:P681R|S:D950N,AY.104
251,9c4357,9c43570efa0592ed92569503bf026bb2,B.1.1.242,B.1.1.242,1,synSNP:G21778A|S:D614G,B.1.1.242
252,1f9370,1f93703374eb3b7081fcf0796385aa83,B.1.316,B.1.316,1,S:D614G|synSNP:G23587A,B.1.316
253,6bdd78,6bdd7896365fc82484ba4925023fb953,AY.22,AY.22,1,S:T19R|S:T95I|del:22029:6|S:Q218H|S:L452R|S:T478K|S:D614G|S:P681R|S:D950N|S:V1104L,AY.22
254,bf76ab,bf76abc65ccf2414b6b8e0081c35c760,B.1.258.15,B.1.258.15,1,S:N439K|S:D614G|synSNP:C24844T|S:V1228L,B.1.258.15
255,d7e5f8,d7e5f8ad6e003c2cb844061ac330be0b,A.2.5.1,A.2.5.1,1,del:21981:9|S:L452R|S:D614G|synSNP:G24697A,A.2.5.1
256,1c8494,1c84943fd22b6bbc2c2c176c76716b3f,B.1.1.420,B.1.1.420,1,S:L18F|S:N440K|S:D614G|synSNP:A24373G,B.1.1.420
257,4517df,4517dfc48d1e1605bf72e05a58faa3f0,AY.95,AY.95,1,S:T19R|S:L244S|S:L452R|S:T478K|S:T572I|S:D614G|S:P681R|synSNP:G24124A|S:D950N,AY.95
258,f328a9,f328a9a4d3a9db80f13659d60b8cc579,B.1.639,B.1.639,1,ins:22204:TCAAGCCTC|del:21765:6|S:M153T|S:T478K|S:E484K|S:D614G|S:T859N|S:D936Y,B.1.639
259,f03abc,f03abc3c9db75bbbbfc76f51a19f58a3,K.3,K.3,1,S:D614G|S:A626S,K.3
260,d2e333,d2e333027c27e4c8d1f7fe33c51ad864,B.1.1.525,B.1.1.525,1,del:21991:3|S:E484K|S:D614G|S:H655Y,B.1.1.525
261,13b4ac,13b4ac6171884f2087ff78d86feb39c0,AY.25.1.1,AY.25.1.1,1,S:T19R|del:22029:6|S:L452R|S:T478K|S:D614G|S:P681R|S:D796Y|S:D950N,AY.25.1.1
262,c686f3,c686f378c9092f1f114e9cd2e20db916,P.2,P.2,1,S:E484K|S:D614G|S:V1176F,P.2
263,7b8ed6,7b8ed689cdf0895dec441daab2e754c4,B.1.1.351,B.1.1.351,1,S:L54F|S:D614G|S:P681H,B.1.1.351
264,ae16d8,ae16d8eee21ec8acbb49a27aa375cb22,P.1.8,P.1.8,1,S:L18F|S:T20N|S:P26S|S:D138Y|S:R190S|S:K417T|S:T470N|S:E484K|S:N501Y|S:D614G|S:H655Y|S:P681R|S:T1027I|S:V1176F|S:C1235F,P.1.8
265,dd476d,dd476dc1d8e5aab0f5fd47fc5f3746ce,B.1.1.241,B.1.1.241,1,S:V3G|S:L5F|S:D614G,B.1.1.241
266,529359,52935973fad9b50c76903d84f1e8e3a2,AY.4.1,AY.4.1,1,S:T19R|S:T95I|del:22029:6|S:G446V|S:L452R|S:T478K|S:D614G|S:P681R|S:D950N,AY.4.1
267,71f2b6,71f2b614834021e6ad033404fd2493d8,C.38,C.38,1,synSNP:C21727T|S:E484K|S:D614G|synSNP:C23731T,C.38
268,cbfd08,cbfd08e22ceb5899527bbc6b33a62f56,B.1.617.3,B.1.617.3,1,S:T19R|S:L452R|S:E484Q|S:D614G|S:P681R,B.1.617.3
269,86f05a,86f05a2998d9809f80d0ed28d49ea4ef,B.1.1.461,B.1.1.461,1,S:D614G|S:Q675R|S:A879S,B.1.1.461
270,6a7b0f,6a7b0f5ba266713880f4de327e297549,AY.39.2,AY.39.2,1,S:T19R|S:T95I|del:22029:6|S:L452R|S:T478K|S:D614G|S:P681R|S:D950N|S:K1073N,AY.39.2
271,13326e,13326e1d8f4c0195d956e85786346bd6,AL.1,AL.1,1,synSNP:A21625G|S:D614G,AL.1
272,0c495d,0c495d05eff3bccd260d318970e86e48,B.1.637,B.1.637,1,del:21991:3|S:F157S|S:L452R|S:D614G|S:T859N|S:D950H,B.1.637
273,208d09,208d09c8887c188bc23ddf42a4e32cbc,B.1.1.403,B.1.1.403,1,S:D614G|synSNP:C23683T,B.1.1.403
274,81d8f8,81d8f82e6ddab3277c3b6452930b96c1,AY.107,AY.107,1,S:T19R|S:T95I|del:22029:6|S:L452R|S:T478K|S:D614G|S:P681R|S:D950N|S:H1101Y,AY.107
275,578509,57850988b7294eeec5331aff5c77e0e5,B.1.631,B.1.631,1,S:L18R|S:T95I|S:R158S|S:L452M|S:D614G|S:P681H|S:A688V|S:S735A|synSNP:C24442T|S:T1027I,B.1.631
276,13a107,13a107bd42eaa9f2b39e9ab98f930a7f,AY.5.5,AY.5.5,1,S:T19R|S:L452R|S:T478K|synSNP:T23398C|S:D614G|S:P681R|S:D950N|synSNP:G24928T,AY.5.5
277,1534bc,1534bc43ac8a2dcc9dcff4e5878657c8,AY.40,AY.40,1,S:T19R|del:22029:6|S:L452R|S:T478K|S:D574Y|S:D614G|S:P681R|S:D950N|synSNP:C24745T,AY.40
278,6fca3b,6fca3b1014dd5e478b5e84dc7296896a,B.1.515,B.1.515,1,S:D614G|S:S698L,B.1.515
279,f150f8,f150f89ca8963385c1466e1ad9dac8a6,B.1.214.4,B.1.214.4,1,S:D614G|S:T716I|synSNP:A24853T,B.1.214.4
280,b96229,b96229a52f7254efca74e7dcdfd5dc93,BA.1,BA.1,1,S:A67V|del:21765:6|S:T95I|del:21987:9|del:22194:3|S:G339D|S:S371L|S:S373P|S:S375F|S:K417N|S:N440K|S:G446S|S:S477N|S:T478K|S:E484A|S:Q493R|S:G496S|S:Q498R|S:N501Y|S:Y505H|S:T547K|S:D614G|S:H655Y|S:N679K|S:P681H|S:N764K|S:D796Y|S:N856K|S:Q954H|S:N969K|S:L981F|synSNP:C25000T,BA.1
281,c983da,c983dae764c54e8b899a5d797f7bcfcb,B.1.127,B.1.127,1,S:S477N|synSNP:C23248T|S:D614G,B.1.127
282,70c311,70c311be1161687c113bd5d88c8077c5,B.1.1.228,B.1.1.228,1,synSNP:C21721T|S:D614G,B.1.1.228
283,18126d,18126db56f6d91e5e49a9947a20819b8,AM.2,AM.2,1,S:D614G|S:D1260Y,AM.2
284,a51119,a5111969a58e96fd44e94b2c610fa5ac,B.1.221.4,B.1.221.4,1,S:S98F|synSNP:A22252T|S:D614G,B.1.221.4
285,fe557d,fe557d1294b7e46ca9c05b2dd1e3b888,B.1.1.380,B.1.1.380,1,S:D614G|synSNP:C24502A,B.1.1.380
286,4cf0c2,4cf0c23bbc303b38f1d2c1e0e9cfadb1,C.1.1,C.1.1,1,S:S477N|S:D614G|synSNP:C23731T,C.1.1
287,416be5,416be5946c634de2a1a9c4b582f6b3c9,B.1.1.389,B.1.1.389,1,S:D614G|S:T1117I,B.1.1.389
288,c433f1,c433f1760d762db4bce611c6e5cba87a,B.1.421,B.1.421,1,synSNP:C22120T|S:D614G,B.1.421
289,f42770,f42770a12e662d096924204cd603afa9,P.6,P.6,1,S:D614G|S:Q675H|S:Q677H|synSNP:C24382T|S:V1176F,P.6
290,bdd206,bdd206c4f906a3826a6034dd27a133cb,B.1.160.18,B.1.160.18,1,S:S477N|S:D614G|synSNP:C23647T,B.1.160.18
291,e3018e,e3018e46dda78aa43e42bb88691f47b8,B.1.1.239,B.1.1.239,1,S:L5F|synSNP:C22388T|S:D614G,B.1.1.239
292,e2a44b,e2a44b845eb39ee9609c4563c3d81a5f,AY.102.1,AY.102.1,1,S:T19R|S:T95I|del:22029:6|S:L452R|S:T478K|S:D614G|S:P681R|S:D950N|S:G1219V|synSNP:T25333C,AY.102.1
293,b03c91,b03c912ca5038548e6a075ebc98c86dd,AY.56,AY.56,1,S:T19R|S:A222V|S:L452R|S:T478K|S:D614G|S:P681R|S:D950N,AY.56
294,2de973,2de9735cf715a8f10709b89b0abc98f9,B.1.1.144,B.1.1.144,1,S:D614G|synSNP:C25207T,B.1.1.144
295,2db561,2db56137e37ff41493b5feb1c86fbe8d,B.1.177.69,B.1.177.69,1,S:A222V|S:D614G|S:S929T,B.1.177.69
296,f1924b,f1924b0d4498907037a182e2e0e0bd17,AY.48,AY.48,1,S:T19R|S:K77T|del:22029:6|S:L452R|S:T478K|S:D614G|S:P681R|S:D950N,AY.48
297,c4be3b,c4be3b6f14959d7c944f7d2f46061f3c,B.1.626,B.1.626,1,S:L18F|del:21758:9|S:G257S|S:E484K|S:F490S|S:N501T|S:D614G|S:T859N|synSNP:T24364C,B.1.626
298,d05640,d05640954a631ca4c8ddfd8bf1ac2129,AY.20.1,AY.20.1,1,S:T19R|S:T95I|S:G142D|del:22029:6|S:L452R|S:T478K|S:D614G|S:P681R|synSNP:C24106T|S:D950N|S:V1104L,AY.20.1
299,8bd507,8bd5076a059bd4f28fd256042ead6730,C.7,C.7,1,synSNP:C21952T|S:D614G|synSNP:C23731T,C.7
300,68a8e2,68a8e2f493b2de44a506994902884c7e,B.1.160.21,B.1.160.21,1,S:S477N|S:D614G|S:V622A|synSNP:C25276T,B.1.160.21
301,74b05e,74b05e661b01fa7f20cc0f32f77b0ea7,B.1.258.9,B.1.258.9,1,del:21765:6|S:N439K|S:D614G|synSNP:T24910C|S:G1223S,B.1.258.9
302,9a44d1,9a44d1cd2bfb9bc8cd658a4becd9e8bf,B.1.242,B.1.242,1,S:D614G|S:A1078S,B.1.242
303,df188c,df188cc18d4b9e3d83a7c44cc375f7e5,B.1.1.302,B.1.1.302,1,S:D614G|S:V1122L,B.1.1.302
304,53b557,53b5579f1d23da4cb7713b903b38554a,B.1.177.27,B.1.177.27,1,synSNP:C21811T|S:A222V|S:Q613H|S:D614G,B.1.177.27
305,b6751c,b6751c9927c00ba827c52dbc1b7d1974,B.1.1.116,B.1.1.116,1,synSNP:A22606G|S:D614G,B.1.1.116
306,1e70ab,1e70ab0806780b6fa7b30a5f14ad6392,B.1.622,B.1.622,1,S:D614G|synSNP:G24757T,B.1.622
307,32f07a,32f07a6cfb59527943f69ab8b6ecf92e,B.1.627,B.1.627,1,S:W64R|S:D614G|S:P681H|S:A688V|S:S735A|synSNP:C24442T|S:T1027I,B.1.627
308,b54f6f,b54f6f4d3ec8ed116c34a518ddafe10b,W.2,W.2,1,S:A222V|S:D614G|synSNP:A25255G,W.2
309,7f3871,7f38717427797f8b6611a6dd25416edf,B.1.177.66,B.1.177.66,1,S:L18F|S:D215H|S:A222V|S:D614G|S:V1228L,B.1.177.66
310,2062d3,2062d3462298320a149d6dea3a58abe2,B.1.599,B.1.599,1,S:M153I|S:D614G,B.1.599
311,0d9791,0d979198a2c9f8c8ca9bf948ef3329c3,B.1.1.180,B.1.1.180,1,synSNP:T22843C|S:D614G,B.1.1.180
312,c842a8,c842a8c6d40a54ba00040763a4786670,B.1.448,B.1.448,1,S:D614G|synSNP:C23551T,B.1.448
313,67d9df,67d9df4a8789ef14c67f9d018ffd0668,AY.119.1,AY.119.1,1,S:T19R|S:T95I|del:22029:6|S:A222V|S:L452R|S:T478K|S:D614G|S:P681R|S:I834T|S:D950N,AY.119.1
314,963e41,963e41732af9dd06621738514f5625c6,B.1.629,B.1.629,1,S:G142D|S:K182R|S:L452R|S:T478K|S:D614G|S:P681H|S:D796Y,B.1.629
315,0421e2,0421e227f5eec728f390d975251f310e,B.29,B.29,1,synSNP:C23707T,B.29
316,c7a67c,c7a67c0c89b7560ac1aebed61c9eb3fa,B.1.1.316,B.1.1.316,1,synSNP:C21757T|S:D614G|S:Q677H|S:T732S,B.1.1.316
317,7c1e14,7c1e14457e7add13ecd6441403f026ef,AJ.1,AJ.1,1,S:M153I|S:D614G|S:K1073N,AJ.1
318,883179,88317973c43baef22e3bea46e52b6078,B.1.177.89,B.1.177.89,1,S:A222V|S:P272L|S:D614G|synSNP:T24541A|synSNP:C25000T,B.1.177.89
319,ccd56d,ccd56d0a977ec76ee3d3a786e4be8434,B.1.1.330,B.1.1.330,1,synSNP:C21727T|S:M153T|S:D614G,B.1.1.330
320,0121c7,0121c7e19716d803eac5ebe1697b7f03,B.1.1.483,B.1.1.483,1,S:V6F|S:D198G|synSNP:A22528T|S:D614G|S:A845S|S:T859I,B.1.1.483
321,b81602,b8160280f73a20654f733a5a63780d60,C.37.1,C.37.1,1,S:G75V|S:T76I|S:L452Q|S:F490S|S:D614G|synSNP:C23731T|S:T859N,C.37.1
322,11224d,11224dbdc5fe303153c3218fca3a3fa6,AY.10,AY.10,1,S:T19R|del:22029:6|S:A222V|S:L452R|S:T478K|S:D614G|S:P681R|synSNP:A23734G|S:D950N,AY.10
323,bb0ea4,bb0ea41f3d745e7650dea9e645217ce1,B.1.1.122,B.1.1.122,1,S:T20I|S:D614G,B.1.1.122
324,e3b455,e3b4557e1c25191b218d327772db4c07,B.1.205,B.1.205,1,S:I119V|S:D614G,B.1.205
325,7b55d4,7b55d492bd7a3f75eb65f659ab2a065f,B.1.1.338,B.1.1.338,1,S:D614G|S:P681H|synSNP:T24733C,B.1.1.338
326,adce41,adce41363bcdde8bfced18a6f82c2d36,B.1.258.22,B.1.258.22,1,S:A67V|del:21765:6|S:N439K|synSNP:T23071C|S:D614G|synSNP:T24910C,B.1.258.22
327,eeaa2a,eeaa2a828eca713fe9a250c085e63a87,C.25,C.25,1,synSNP:A22330T|S:D614G|synSNP:C23731T,C.25
328,7ef47f,7ef47f8107d53df561c0952d7faf13c0,B.1.1.467,B.1.1.467,1,S:D614G|synSNP:A25003G,B.1.1.467
329,5c0a03,5c0a03f23c815a3464a780b3fe271c18,B.1.177.41,B.1.177.41,1,S:A222V|synSNP:C23029T|S:D614G|S:P1162S,B.1.177.41
330,473074,473074a3ec6840cdea8f3ddf977c5754,B.1.1.364,B.1.1.364,1,synSNP:T21976C|S:D614G,B.1.1.364
331,44fea2,44fea294dd25acd31c25c8c8d1553927,B.1.603,B.1.603,1,S:N370S|S:D614G,B.1.603
332,eccf8d,eccf8d4e8745f513ecba6409325ab1fd,B.1.177.62,B.1.177.62,1,S:L18F|S:T51I|S:A222V|S:D614G|S:D936Y,B.1.177.62
333,beacc1,beacc1c17be131f61dfed094ba4d55b6,B.1.1.84,B.1.1.84,1,S:D614G|S:A653V,B.1.1.84
334,c922c1,c922c108ea74f5a86c6b1c55c35c1f80,AY.28,AY.28,1,S:T19R|S:G142D|del:22029:6|S:A222V|S:L452R|S:T478K|S:D614G|S:P681R|S:A701S|S:D950N|S:A1078S,AY.28
335,d5c739,d5c739f746ad10def8a8a14a6cc44d1e,B.1.632,B.1.632,1,S:T29I|S:F32L|S:M153T|S:F157S|S:G252V|S:S477N|S:E484K|S:D614G|S:H655Y|S:P681H|S:D936H|S:D1260H,B.1.632
336,d5fe28,d5fe289af030eeabbe93df00f81272ed,A.2.5.3,A.2.5.3,1,S:L452R|S:S477N|S:D614G|synSNP:G24697A,A.2.5.3
337,42d8a2,42d8a2ae916f0829aaf6667a5c23d5d9,B.1.1.524,B.1.1.524,1,S:P9L|S:D614G|synSNP:A23440T|S:T859N,B.1.1.524
338,eccc55,eccc552d2818fb64f758ca577305d6ea,AY.18,AY.18,1,S:T19R|S:G142D|del:22029:6|S:L452R|S:T478K|S:D614G|synSNP:T23470C|S:P681R|S:D950N|synSNP:C25276T,AY.18
339,114bdb,114bdbf256b09b7109eea9c15e1d744e,B.1.326,B.1.326,1,S:E554D|S:D614G,B.1.326
340,a7e896,a7e8960237dc26ebb5233e972943e6a2,B.1.525,B.1.525,1,S:Q52R|S:A67V|del:21765:6|del:21991:3|S:E484K|S:D614G|S:Q677H|S:F888L|synSNP:C24748T,B.1.525
341,c0bc6e,c0bc6e1163557626bfcabe7747c251fa,A.28,A.28,1,del:21765:6|synSNP:G22468T|S:N501T|S:H655Y,A.28
342,c1e77d,c1e77da7918ba250460be9d3c77253c6,B.1.177.46,B.1.177.46,1,S:A222V|S:A262S|S:D614G,B.1.177.46
343,71b993,71b9931c48e9761fe15e181af822ddc5,B.1.550,B.1.550,1,synSNP:T22162C|S:D253G|S:D614G,B.1.550
344,a37922,a37922e4fb2420b65116f06b53909aa9,AY.123,AY.123,1,S:T19R|S:T95I|del:22029:6|S:L452R|S:T478K|S:D614G|S:P681R|S:D950N|S:P1263L,AY.123
345,13f4f7,13f4f79c4bd8c28a01e73a1c344dca46,B.1.1.399,B.1.1.399,1,S:W258L|S:D614G,B.1.1.399
346,48d9cb,48d9cb046b89594cdf16cfe10ed55df8,C.36.2,C.36.2,1,S:D614G|S:Q677H|synSNP:C23731T,C.36.2
347,8b5523,8b552346568b2d52da95ffa1b232c65b,AE.6,AE.6,1,synSNP:C22987T|S:D614G,AE.6
348,40b097,40b097246b8de04d8baae3faf3bcdf7d,AH.3,AH.3,1,S:V3G|S:L5F|S:A352S|S:D614G|synSNP:G24586T,AH.3
349,a3b241,a3b24111d8c0ba040ebe49f8c5709483,B.1.552,B.1.552,1,S:D614G|S:T859I|S:P1263L,B.1.552
350,efa882,efa882013bda410c2d5165f8215b7cdb,B.1.177.38,B.1.177.38,1,S:A222V|S:D614G|S:K1045N,B.1.177.38
351,2b4098,2b409816e8d5ed870d15cb172d40d476,B.1.594,B.1.594,1,S:A344S|S:D614G,B.1.594
352,84cca3,84cca3df86e79413d7c9a97f41674cda,B.1.177.10,B.1.177.10,1,S:A222V|S:D614G|S:P809S,B.1.177.10
353,17458f,17458f51f3b16dadfeb746e2bb98d687,B.1.315,B.1.315,1,S:D614G|S:N856S,B.1.315
354,c89ed4,c89ed45a8faaa73d593ac8f3e4933b5a,B.1.370,B.1.370,1,S:D614G|S:S939F,B.1.370
355,efcef3,efcef3c5f925b9d87d9347bf0c8a6285,B.1.480,B.1.480,1,S:D614G|S:M1229I,B.1.480
356,1154d7,1154d7ac796a82264b8c36347afeb2f4,B.1.1.221,B.1.1.221,1,synSNP:C21646T|S:D614G,B.1.1.221
357,2fe689,2fe6896213f058d91b5330d61cb00bda,B.1.529,B.1.529,1,S:D614G|S:N679K|synSNP:C24319T,B.1.529
358,655588,655588ced8f4fc5d312ed152492d6bb0,B.1.1.362,B.1.1.362,1,S:D614G|synSNP:T23878C,B.1.1.362
359,fe76d4,fe76d47e35fc12a17f6b4550c792b502,R.1,R.1,1,S:W152L|S:E484K|S:D614G|S:G769V,R.1
360,8da537,8da537bf59f55cd508ee5ec47225c99b,B.1.258.23,B.1.258.23,1,del:21765:6|S:L189F|S:D614G|S:V772I|synSNP:G24757T|synSNP:T24910C,B.1.258.23
361,bead34,bead3451d80a64c07bc00d30f132200f,B.1.547,B.1.547,1,synSNP:T22288A|S:D614G,B.1.547
362,e5260e,e5260e957aa73c170a950f0abb8d5ee3,B.1.1.425,B.1.1.425,1,S:V62I|S:D614G|S:D867G|synSNP:T24892C,B.1.1.425
363,f711bc,f711bca1dbeebf5988ae8cbadc86dc7c,U.2,U.2,1,S:L5F|S:L18F|S:A222V|S:D614G,U.2
364,5ddf83,5ddf83b3d243cc06f2aaaa0da509ee91,C.2.1,C.2.1,1,S:N501T|S:D614G|synSNP:C23731T,C.2.1
365,57a656,57a656243bfd5c5c462d527e8afbf44c,B.1.1.118,B.1.1.118,1,S:D614G|S:S640F,B.1.1.118
366,c2d891,c2d891969bd7b2fba6e2cb208a7d2f72,B.1.1.523,B.1.1.523,1,del:22028:9|S:F306L|S:E484K|S:S494P|S:D614G|S:D839V|S:T1027I,B.1.1.523
367,3bb2c4,3bb2c42bb58f72346ec6f8905dd4cb5c,B.1.1.413,B.1.1.413,1,S:D138Y|S:S477N|S:D614G,B.1.1.413
368,d44354,d44354219ab81b6ffdc623be9246017b,B.1.471,B.1.471,1,S:D614G|synSNP:T24202C,B.1.471
369,9aaa61,9aaa616fdeff658706bf1f3bdd50c5f3,B.1.1.142,B.1.1.142,1,synSNP:C22450T|S:D614G,B.1.1.142
370,e0af87,e0af878f07d093d0174442b2a669202b,B.1.1.240,B.1.1.240,1,S:D614G|S:K1073N,B.1.1.240
371,d83b77,d83b779768cd419d99f31ecc6cf1b27f,B.1.177.5,B.1.177.5,1,S:L18F|S:A222V|S:D614G|synSNP:T24769C,B.1.177.5
372,dbbccb,dbbccb60e3eb4ca92d0828d9291cf6b0,B.1.177.11,B.1.177.11,1,S:A222V|S:D614G|S:D1163Y|S:G1167V,B.1.177.11
373,48a8d8,48a8d8affe098688f6133168121bf9a4,B.1.1.333,B.1.1.333,1,S:L54F|S:D138Y|S:D614G,B.1.1.333
374,1e46f4,1e46f4bb436ee00c4326541629e11081,AY.49,AY.49,1,S:T19R|del:22029:6|S:L452R|S:T478K|S:D614G|S:P681R|S:K854N,AY.49
375,e0044b,e0044bea18a785713b9140bb265b8f3a,P.4,P.4,1,S:Q173K|S:L452R|S:D614G|S:I720V|S:V1176F,P.4
376,9f043d,9f043d1c5631af88b6eea673902b7455,C.31,C.31,1,S:D614G|synSNP:C23731T|S:K1073N,C.31
377,3d0921,3d092198c9889f5ca935e659fa17ac65,P.5,P.5,1,S:F2L|S:Q14K|synSNP:C21721T|S:T95I|S:E484Q|S:N501T|S:D614G|synSNP:C24904T|S:V1176F,P.5
378,04fa80,04fa804ec525344a2a4e7e9a3c05a8ac,B.1.635,B.1.635,1,S:T19I|S:H49Y|S:T259R|S:N450K|S:S477N|S:D614G,B.1.635
379,558ee0,558ee09017c5f91f770ffc6321bf5d27,B.1.1.375,B.1.1.375,1,S:S477N|synSNP:A23233G|S:D614G|synSNP:C23731T,B.1.1.375
380,c99c3f,c99c3f390f491771d6a35673de430d47,B.1.177.67,B.1.177.67,1,S:L18F|S:D215H|S:A222V|S:D614G,B.1.177.67
381,886208,886208757f3f9a039ff1f9a948de1c6e,B.43,B.43,1,S:L8V,B.43
382,f096cd,f096cda7e516e56957481b75b0268762,A.27,A.27,1,S:N501Y|S:A653V|S:H655Y|S:D796Y|S:G1219V,A.27
383,154fc4,154fc42e68ab13733fdb0d2008883fd3,AZ.6,AZ.6,1,S:T95I|del:21991:3|S:E484K|synSNP:T23287C|S:D614G|S:P681H|S:D796H|S:A899S|synSNP:C24382T|synSNP:C25276A,AZ.6
384,773189,77318993eab2792446e2333462f995d9,B.1.1.522,B.1.1.522,1,S:D138N|S:D614G|S:P681H|synSNP:T24733C,B.1.1.522
385,fea0c0,fea0c0e2ca393d49e94e738baa4cf64c,C.4,C.4,1,S:D614G|synSNP:C23731T|S:A1078S,C.4
386,5b365b,5b365b5f7537a5091e14ef29f9a4c30b,W.1,W.1,1,S:A222V|S:D614G|synSNP:T24799C,W.1
387,c49926,c49926bbbce7872f7367a61bed75fda5,B.1.1.423,B.1.1.423,1,S:D614G|S:H1101Y,B.1.1.423
388,a3fca9,a3fca9ec1bb3a60db2a75b0ae258d65e,B.1.140,B.1.140,1,S:D614G|synSNP:A23920G,B.1.140
389,51c8ae,51c8aee0acf7779bcf50274ba37fc825,B.1.1.512,B.1.1.512,1,S:D614G|S:I1232F,B.1.1.512
390,4c6dae,4c6daeea7300dbadb9006348714eb76c,B.1.36.24,B.1.36.24,1,synSNP:G22201T|synSNP:C22444T|S:D614G,B.1.36.24
391,ef5175,ef51756685fe4f390820a7938a877e49,AY.31,AY.31,1,S:T19R|del:22029:6|S:L452R|S:T478K|S:D614G|S:S640P|S:P681R|S:D950N|synSNP:C24745T|S:V1104L,AY.31
392,1e54ae,1e54aebf9b4c7b9e31cf188c87bb79a1,B.1.1.336,B.1.1.336,1,S:D614G|S:P681H,B.1.1.336
393,141330,141330b9015f3e2db625a0bca84affe3,B.1.1.275,B.1.1.275,1,S:D614G|synSNP:T24076A,B.1.1.275
394,feda7a,feda7a09d702ee2dc9a014e66a8ea290,C.19,C.19,1,S:D253G|S:D614G|synSNP:C23731T,C.19
395,9b19ae,9b19aef8d1ad1010cfc8c3c21664a579,P.1.3,P.1.3,1,S:L18F|S:T20N|S:P26S|S:D138Y|del:21979:12|S:Y144F|S:R190S|S:K417T|S:E484K|S:N501Y|S:D614G|S:H655Y|S:T1027I|S:V1176F,P.1.3
396,263318,263318562f73189321747591ef16c0fa,B.1.1.500,B.1.1.500,1,S:D614G|synSNP:T23689C,B.1.1.500
397,367af2,367af200330c28e50c8ede72a9f7f706,AU.3,AU.3,1,synSNP:T22219C|S:N439K|S:D614G|S:P681R,AU.3
398,53ece3,53ece3104febc11920e1916f5fd58aaf,C.36.1,C.36.1,1,S:D614G|S:N641S|S:Q677H|synSNP:C23731T,C.36.1
399,3d22ce,3d22ce0ea438ef64f6dc93f221278433,B.1.640.2,B.1.640.2,1,S:P9L|S:E96Q|del:21967:27|S:R190S|S:D215H|synSNP:C22264T|S:R346S|S:N394S|S:Y449N|S:E484K|S:F490S|S:N501Y|S:D614G|S:P681H|S:T859N|S:D1139H|S:K1181N,B.1.640.2
400,5c67ce,5c67ceda559df2dc5834f607aa92b32f,B.1.1.394,B.1.1.394,1,S:L176F|S:D614G|synSNP:A24019G,B.1.1.394
401,4829df,4829df3971ac9e75ac42d1ea20d8c743,B.1.1.93,B.1.1.93,1,synSNP:A22105T|S:D614G,B.1.1.93
402,ba62c6,ba62c636f17ca84c3268b9d52a01cd16,B.1.428.1,B.1.428.1,1,S:A522V|S:D614G,B.1.428.1
403,46d9a6,46d9a6956259128e1da4e3de45138697,B.1.1.384,B.1.1.384,1,S:V367F|S:P479S|S:D614G|S:K854N|S:A1078S,B.1.1.384
404,1938b1,1938b1059d57eb54ad0de65a6defb467,B.1.543,B.1.543,1,S:T95N|S:D614G,B.1.543
405,880cda,880cdaa174a1bb558ab983aa3ec941f5,C.39,C.39,1,S:P9L|S:L452Q|S:P479S|S:D614G|synSNP:C23731T,C.39
406,414e76,414e7611e3141a360740b9340abea814,B.1.428.3,B.1.428.3,1,S:N481K|S:D614G,B.1.428.3
407,64b577,64b577132e714a59fa53742dc73c5a40,B.1.243.2,B.1.243.2,1,del:22296:9|synSNP:G22627A|S:T478K|S:N501T|synSNP:C23191T|S:D614G|synSNP:T23407C|S:N679K|S:N751K|synSNP:C24061T|synSNP:C24064T|synSNP:T24076C|S:D936H,B.1.243.2
408,340fe4,340fe4e3e4805b7cbd0ff2f2088f2452,Q.5,Q.5,1,del:21765:6|S:D138H|del:21991:3|S:F490S|S:N501Y|S:A570D|S:D614G|S:P681H|S:T716I|S:S982A|S:D1118H,Q.5
409,764689,7646891f9cc3aa9d5193c6053963058e,B.1.591,B.1.591,1,synSNP:T22078G|S:D614G,B.1.591
410,970af4,970af48a43b896ef052b8ee042783c63,B.1.292,B.1.292,1,synSNP:C21736T|S:D614G,B.1.292
411,7498a9,7498a90d944d6186645dd5c85b653299,B.46,B.46,1,synSNP:C24904T,B.46
412,adb1ec,adb1ece71859e731c23eec14bc26ab3e,B.1.9.2,B.1.9.2,1,synSNP:A22438T|S:D614G,B.1.9.2
413,406733,40673393554a9daf07e3efc1c3e5cff1,P.1.11,P.1.11,1,S:L18F|S:T20N|S:P26S|S:D138Y|S:R190S|S:K417T|S:E484K|S:N501Y|S:D614G|S:H655Y|S:P681R|S:T1027I|S:V1176F,P.1.11
414,c359b5,c359b5cae75d6f898fcc9405373325a6,B.1.595.2,B.1.595.2,1,S:D614G|synSNP:C24370T,B.1.595.2
415,9e7e20,9e7e202fc2276dca29eac95f5ad913fa,B.1.177.78,B.1.177.78,1,S:A222V|S:D614G|S:G769V,B.1.177.78
416,bd2f68,bd2f688735084ba1d51c5b2479893eaa,B.1.405,B.1.405,1,S:D614G|S:E654K,B.1.405
417,79b85a,79b85a1a273ca426ae8a2bf0547d0057,B.1.1.90,B.1.1.90,1,S:D614G|synSNP:T24631C|synSNP:C24865T,B.1.1.90
418,948fb0,948fb0da71a1c0223e59cf99444d1df0,B.1.36.20,B.1.36.20,1,synSNP:C21772T|synSNP:C22444T|S:D614G,B.1.36.20
419,0cfd29,0cfd294ab1b6e6da7da1771aec6f93f9,B.1.1.17,B.1.1.17,1,S:D614G|S:A831V,B.1.1.17
420,c7d5b3,c7d5b3903831e204b0d1beaa4012d78c,B.1.1.451,B.1.1.451,1,S:E156D|S:D614G|S:Q1208H,B.1.1.451
421,214385,214385912b58bf82dc6504da7ce5648d,B.1.1.446,B.1.1.446,1,S:D614G|S:I1210T,B.1.1.446
422,40de15,40de153ab2d3b03048ae311af5cbd7e7,B.1.36.23,B.1.36.23,1,synSNP:C22444T|S:A522V|S:D614G,B.1.36.23
423,0986b6,0986b6e054d7784f9e2096825f8a689d,B.1.1.517,B.1.1.517,1,synSNP:T23332C|S:D614G|S:T732A,B.1.1.517
424,bb2775,bb2775ab857cf06753e4a109c1160250,AU.2,AU.2,1,synSNP:T22219C|S:N439K|S:D614G|S:P681R|S:G1251V,AU.2
425,07cf1f,07cf1f642be6272183a1134abf36cc14,AY.32,AY.32,1,S:T19R|del:22029:6|S:L452R|S:T478K|S:T572I|S:D614G|S:P681R|synSNP:G24124A,AY.32
426,0a2f2c,0a2f2c6009efe0360fa665a26e67f671,B.1.429.1,B.1.429.1,1,S:S13I|S:W152C|S:L452R|synSNP:T23155C|S:D614G|S:Q677H|synSNP:T24349C,B.1.429.1
427,b28e2e,b28e2eba05fea6466d353f5949d167a3,B.1.420,B.1.420,1,S:D614G|synSNP:T23443C,B.1.420
428,22bf32,22bf321ec0218c855c694c2439b967d8,AZ.1,AZ.1,1,S:T95I|S:E484K|synSNP:T23287C|S:D614G|S:P681H|S:D796H|synSNP:C24382T|synSNP:C25276A,AZ.1
429,c88ff3,c88ff35314aed6782028a9a8657eb221,B.1.177.88,B.1.177.88,1,S:A222V|S:A262S|S:P272L|S:E484K|S:T572I|S:D614G|S:L1063F|synSNP:C25000T,B.1.177.88
430,20165c,20165cf985df0d128f948b5b689977fc,B.1.458,B.1.458,1,S:V213A|S:D614G,B.1.458
431,5cd5cb,5cd5cb059c70b7c008d1cf6671e1e422,A.19,A.19,1,synSNP:G22468T|S:D614G,A.19
432,2858ac,2858ac734f4736fcc69eb558a84aa2b7,AA.1,AA.1,1,synSNP:G22051T|S:D614G,AA.1
433,8e7bfe,8e7bfe2a313bb39e4fca88760d99df70,B.1.1.353,B.1.1.353,1,S:D614G|S:A1078T,B.1.1.353
434,4630bf,4630bf085f590a80543133a78c98e02e,B.1.630,B.1.630,1,S:P9L|synSNP:C21637T|S:C136F|del:21991:3|S:A222V|del:22289:6|S:L452R|S:T478R|S:E484Q|S:D614G|S:H655Y|S:D950N,B.1.630
435,e401bd,e401bd2a18979b12b21edf3c987b9c6e,R.2,R.2,1,synSNP:C21757T|S:E484K|S:D614G|S:Q677H|S:T732S|synSNP:A25048G|S:E1202Q,R.2
436,fcdefd,fcdefdfd8278e47050211cbba0e8990b,B.1.1.202,B.1.1.202,1,synSNP:A23122G|S:D614G,B.1.1.202
437,c3f2dc,c3f2dc058615a96dccbc0e1be5efa33b,AH.1,AH.1,1,S:V3G|S:L5F|S:D614G|S:T859I,AH.1
438,cf92c1,cf92c1f843503e1a0f730f06d0d02c07,A.29,A.29,1,del:21982:4|del:21992:2|S:Y449H|S:N501Y|S:F565L|S:H655Y,A.29
439,cd2828,cd282840dbeac63cf3ce993ea96f337d,B.1.621,B.1.621,1,S:T95I|S:Y145N|S:R346K|S:E484K|S:N501Y|S:D614G|S:P681H|S:D950N,B.1.621
440,865941,865941c86db10be841b8468bbb23f694,B.1.1.16,B.1.1.16,1,S:D614G|S:A892S,B.1.1.16
441,ccf0be,ccf0be34851682011a16175c076bf1c9,C.40,C.40,1,S:D215H|S:L452R|S:D614G|S:S640F|synSNP:C23731T|S:T859N,C.40
442,1b6708,1b6708a0a366044c77a9e3485fc2bc3f,W.4,W.4,1,S:A222V|S:D614G|synSNP:C25207T,W.4
443,5c8e16,5c8e16098f77a276afa5266304b92956,B.1.36.27,B.1.36.27,1,synSNP:C22444T|S:D614G|synSNP:T24175C,B.1.36.27
444,64e935,64e9355748e140e7bc0edf23363f1991,N.10,N.10,1,S:P9L|del:21982:12|S:I210V|del:22194:3|del:22327:9|S:V445A|S:E484K|S:D614G,N.10
445,5e6c78,5e6c78e7260d34f657c43978ea07612c,B.1.1.136,B.1.1.136,1,S:N501Y|S:D614G,B.1.1.136
446,c65ed0,c65ed0c06374971190889dd35dfe309a,L.4,L.4,1,S:D614G|S:V1104L|synSNP:G25354T,L.4
447,abd8d4,abd8d446263e1ee56e0fa8e41d62518d,B.1.1.234,B.1.1.234,1,S:M153I|S:D614G|S:S691A,B.1.1.234
448,ec1a2f,ec1a2f77c5f45de14f43b4ebc4305f92,B.1.1.463,B.1.1.463,1,synSNP:A22759G|S:D614G,B.1.1.463
449,ea276e,ea276e9962b0f9fd3cd99ef8002d811d,B.1.1.83,B.1.1.83,1,S:D614G|synSNP:T24499C,B.1.1.83
450,e4659d,e4659d3486c454074a79a138608ca342,AY.2,AY.2,1,S:T19R|S:V70F|S:A222V|S:K417N|S:L452R|S:T478K|S:D614G|S:P681R|S:D950N,AY.2
451,d05c1d,d05c1dc908af2c930a5c3ad1bfac22aa,B.1.563,B.1.563,1,S:D614G|synSNP:A23566T,B.1.563
452,3f7df4,3f7df4701ab6e6875bc6e79db6ff77cc,B.1.1.168,B.1.1.168,1,S:A27V|S:D614G,B.1.1.168
453,a6190b,a6190b03fc5b63388d0b7837add0db50,B.1.1.358,B.1.1.358,1,S:R21T|S:D614G|synSNP:C25207T|synSNP:C25378T,B.1.1.358
454,f2620c,f2620c692ae255d80ca48b47e05b28c3,B.1.637.1,B.1.637.1,1,S:D80G|del:21991:3|S:F157S|del:22291:12|S:G446R|S:L452R|S:T478R|S:D614G|S:P681R|S:T859N|S:D950H,B.1.637.1
455,9961a6,9961a6bf57a0a54b58235571aac8e283,B.1.1.418,B.1.1.418,1,synSNP:C22480T|S:D614G|S:T732A|S:A879S|synSNP:G24415T,B.1.1.418
456,c2050e,c2050ef5a06155c1524a7c1f444e89c8,B.1.177.17,B.1.177.17,1,S:L176F|S:A222V|S:D614G,B.1.177.17
457,903cf6,903cf6492bcfdfe9735783e4e6f36a3a,B.1.1.311,B.1.1.311,1,S:D614G|synSNP:T24088C,B.1.1.311
458,f59232,f59232590367ce3b20c5e473e5a65e55,AM.1,AM.1,1,synSNP:C21646T|S:D614G|S:G1251V,AM.1
459,bbc62c,bbc62c488934a0af934971e180c357fa,B.1.318,B.1.318,1,S:D614G|synSNP:C24082T,B.1.318
460,8e01ba,8e01bacf373606fd821d051f921ea337,B.1.243.1,B.1.243.1,1,S:V213G|S:E484K|S:D614G|synSNP:T24076C,B.1.243.1
461,8621b2,8621b2ad83630779835f62ce2aeead7a,B.1.160.7,B.1.160.7,1,S:S477N|S:D614G|S:H655Y,B.1.160.7
462,715cc4,715cc4bc7b788deb3443eb41c687029e,B.1.1.449,B.1.1.449,1,S:E180G|S:D614G,B.1.1.449
463,c38ea0,c38ea0906c8d7a3d0750ec5283b9a4e2,AY.9.2.1,AY.9.2.1,1,S:T19R|S:G142D|del:22029:6|S:A222V|synSNP:C22792T|S:L452R|S:T478K|S:D614G|S:P681R|S:D950N,AY.9.2.1
464,baf5f1,baf5f10ab6a4355b9ea1b7b82d69464a,B.1.1.429,B.1.1.429,1,synSNP:C22388T|synSNP:T22981C|S:D614G|S:E1202Q,B.1.1.429
465,eda0d2,eda0d20065ee998e01111e197e01eef3,AQ.2,AQ.2,1,S:R346S|S:D614G,AQ.2
466,79b097,79b097d872082ec6c71ea0f32bd1e027,B.1.1.343,B.1.1.343,1,synSNP:C21658T|S:M153T|synSNP:C22480T|S:D614G,B.1.1.343
467,56fa34,56fa34f8d5bc027112fbce7930b51e9e,B.1.570,B.1.570,1,S:D614G|S:P681L,B.1.570
468,3bf239,3bf239c79130b4c82eeeafbf4a8a2eab,B.1.177.64,B.1.177.64,1,S:L18F|synSNP:C21997T|S:A222V|S:D614G|synSNP:C24334T,B.1.177.64
469,b7d088,b7d088d8d62df16301e605981e24a98e,B.1.428.2,B.1.428.2,1,S:D614G|synSNP:G23608T,B.1.428.2
470,d2f6d5,d2f6d5fefc098712d11cecc5c6f524ff,B.1.177.61,B.1.177.61,1,S:L18F|S:T51I|S:A222V|S:D614G,B.1.177.61
471,c44370,c44370e3a18860430105d8312e746069,B.1.633,B.1.633,1,S:T76I|del:21991:3|S:D253N|S:L452R|S:T478K|S:E484A|S:T572N|S:D614G|S:P681R|S:D796H|S:T859N|S:S939F,B.1.633
472,ef73e6,ef73e634e09714c536b57299e3b274f9,V.1,V.1,1,S:A222V|synSNP:C22858T|S:D614G|synSNP:C23644T,V.1
473,daeb0e,daeb0ea0e34614840c177181ac60ab6b,B.1.1.74,B.1.1.74,1,synSNP:C21646T|S:D614G|synSNP:A24205T,B.1.1.74
474,8a7d12,8a7d123f56456de4749f7f3b746e04dd,M.1,M.1,1,synSNP:G21724A|S:T95I|S:D614G|S:A688S|synSNP:C25156T,M.1
475,f3f8f6,f3f8f6e5fe7be16828219aa6295059df,B.1.1.480,B.1.1.480,1,S:D614G|S:E1258V,B.1.1.480
476,4c7917,4c79174aacd0b7bf2fefa3dd9339af69,AK.2,AK.2,1,S:D614G|S:I834T,AK.2
477,9c0f48,9c0f4867a68ed9b4db3cfb86bbb988ed,AV.1,AV.1,1,S:D80G|S:T95I|S:G142D|del:21991:3|synSNP:C22687T|S:N439K|S:E484K|S:D614G|S:P681H|S:I1130V|S:D1139H,AV.1
478,2972e9,2972e937e17ef9d01989ee01b64766b0,BA.3,BA.3,1,S:A67V|del:21765:6|S:T95I|del:21987:9|del:22194:3|S:G339D|S:S371F|S:S373P|S:S375F|S:D405N|S:K417N|S:N440K|S:G446S|S:S477N|S:T478K|S:E484A|S:Q493R|S:Q498R|S:N501Y|S:Y505H|S:D614G|S:H655Y|S:N679K|S:P681H|S:N764K|S:D796Y|S:Q954H|S:N969K,BA.3
479,359022,359022ee7cc9cceda6275b5da37d6832,B.1.616,B.1.616,1,synSNP:C21691T|S:H66D|S:G142V|del:21991:3|S:D215G|S:V483A|S:D614G|S:H655Y|S:G669S|S:Q949R|S:N1187D,B.1.616
480,5e58e4,5e58e4271023a77afcdeaeb96e7f1378,B.1.69,B.1.69,1,S:D614G|synSNP:C23422T|synSNP:T23849C,B.1.69
481,298246,298246137f8c85609110a98fb19d3599,C.17,C.17,1,S:D614G|S:Q677H,C.17
482,1b19fb,1b19fb8f54e624449d534eb89f1f3699,B.1.499.1,B.1.499.1,1,S:D614G|S:A626S|synSNP:C23635T|synSNP:T24175G|synSNP:C24319T|synSNP:A25351C,B.1.499.1
483,bf7947,bf794761fd679329e2b80d4c5248bbb6,B.1.620,B.1.620,1,S:V126A|del:21991:3|S:S477N|S:E484K|S:D614G|synSNP:A23416T|S:P681H|S:T1027I|S:D1118H,B.1.620
484,763484,763484430ec2c558d770e8223a4ace09,BA.2,BA.2,1,S:T19I|del:21633:9|S:G142D|S:V213G|S:G339D|S:S371F|S:S373P|S:S375F|S:T376A|S:D405N|S:R408S|S:K417N|S:N440K|S:S477N|S:T478K|S:E484A|S:Q493R|S:Q498R|S:N501Y|S:Y505H|S:D614G|S:H655Y|S:N679K|S:P681H|S:N764K|S:D796Y|S:Q954H|S:N969K|synSNP:C25000T,BA.2
485,ff5c32,ff5c328f7d83393c79a7e4bf59e35a9a,A.11,A.11,1,synSNP:C24370T,A.11
486,875649,87564918de70345dfdbe68d67a8f30b3,C.1.2,C.1.2,1,S:P9L|S:C136F|del:21991:3|S:R190S|S:D215G|synSNP:C22210T|del:22289:6|S:Y449H|S:E484K|S:N501Y|S:D614G|S:H655Y|S:T716I|synSNP:C23731T|S:T859N,C.1.2
487,54b1d4,54b1d49390586a75b9359f8013bb76ad,B.1.177.6,B.1.177.6,1,S:L18F|S:Q23H|S:A222V|S:D614G,B.1.177.6
488,720170,720170a363ee725ef53db7df21d3cf1e,AY.19,AY.19,1,S:T19R|del:22029:6|S:L452R|S:T478K|S:D614G|S:P681R|S:D950N|S:D1153Y,AY.19
489,2dc79d,2dc79d3e7f775b6c8961dc4702ba3ce6,B.1.1.203,B.1.1.203,1,synSNP:C23854T,B.1.1.203
490,c088e9,c088e92d1bd60ba17aa9b05a9e888721,B.1.607,B.1.607,1,S:D614G|S:D936Y|S:M1229I,B.1.607
491,870d1d,870d1d196fb9a2f776522d7acf33178c,B.1.1.327,B.1.1.327,1,synSNP:C21952T|S:D614G|synSNP:T23725C|S:I1172V,B.1.1.327
492,084e6e,084e6e0bd8c0efea41fc30a0642623c8,B.1.1.208,B.1.1.208,1,synSNP:C23380T|S:D614G,B.1.1.208
493,f861c4,f861c41d3004805c37fe0884ad4aa714,B.1.222,B.1.222,1,S:D614G|S:H1159L,B.1.222
494,3043ff,3043ff715ed5f6ef4371cff2c8802398,B.1.81,B.1.81,1,S:L5F|S:D614G,B.1.81
495,d4a911,d4a9113697317a1e967c87b1b7ef8cbd,B.1.105,B.1.105,1,S:K356R|S:D614G,B.1.105
496,a92380,a923805a81121def4270506586c3c4c4,B.1.617,B.1.617,1,S:L452R|S:E484Q|S:D614G|del:23603:1|del:24774:1,B.1.617
497,722869,7228690598cccd505ffc0c3010769ae4,A.30,A.30,1,S:D80Y|del:21991:3|del:22189:3|S:D215G|del:22299:9|synSNP:A22351G|S:R346K|S:T478R|S:E484K|synSNP:C23185T|synSNP:T23317A|S:H655Y|S:P681H|synSNP:C23683T|S:Q957H|synSNP:T25081C,A.30
